year,date,temperature,wind,precipitation,weather
2020,2020-08-09,16.0,16.6,10.4,Snowy
2020,2020-08-10,15.3,9.1,47.1,Sunny
2020,2020-08-11,19.0,1.1,24.9,Foggy
2020,2020-08-12,11.8,8.5,2.5,Windy
2020,2020-08-13,12.0,6.1,7.2,Windy
2020,2020-08-14,17.0,6.6,37.3,Windy
2020,2020-08-15,16.3,21.0,36.4,Stormy
2020,2020-08-16,29.8,4.2,26.2,Windy
2020,2020-08-17,28.3,6.1,8.9,Rainy
2020,2020-08-18,35.0,2.5,49.2,Foggy
2020,2020-08-19,21.4,12.9,49.9,Stormy
2020,2020-08-20,14.5,7.5,24.6,Snowy
2020,2020-08-21,21.0,5.8,29.2,Sunny
2020,2020-08-22,31.4,23.5,45.5,Stormy
2020,2020-08-23,17.9,15.7,16.7,Cloudy
2020,2020-08-24,28.9,9.9,3.4,Rainy
2020,2020-08-25,20.0,24.8,12.7,Sunny
2020,2020-08-26,20.2,19.1,25.1,Rainy
2020,2020-08-27,26.3,10.4,25.5,Rainy
2020,2020-08-28,15.3,3.7,15.8,Cloudy
2020,2020-08-29,31.4,2.7,27.4,Snowy
2020,2020-08-30,17.6,3.0,40.0,Rainy
2020,2020-08-31,29.1,17.9,19.0,Stormy
2020,2020-09-01,15.6,8.4,16.0,Stormy
2020,2020-09-02,33.9,6.7,41.6,Stormy
2020,2020-09-03,38.2,9.3,30.0,Rainy
2020,2020-09-04,12.1,5.5,18.4,Cloudy
2020,2020-09-05,35.9,13.4,8.4,Foggy
2020,2020-09-06,13.6,12.9,41.8,Foggy
2020,2020-09-07,35.2,23.7,45.6,Snowy
2020,2020-09-08,31.9,4.3,15.1,Sunny
2020,2020-09-09,30.4,12.4,3.7,Rainy
2020,2020-09-10,22.7,10.6,46.1,Foggy
2020,2020-09-11,32.0,13.4,21.4,Cloudy
2020,2020-09-12,29.1,12.4,46.5,Rainy
2020,2020-09-13,32.1,9.6,40.8,Windy
2020,2020-09-14,35.9,12.5,39.4,Rainy
2020,2020-09-15,12.9,15.5,41.3,Stormy
2020,2020-09-16,19.7,7.5,49.2,Snowy
2020,2020-09-17,21.2,7.7,47.7,Snowy
2020,2020-09-18,14.0,24.5,44.1,Windy
2020,2020-09-19,22.6,19.9,21.8,Cloudy
2020,2020-09-20,11.6,3.6,43.9,Snowy
2020,2020-09-21,10.7,1.8,32.0,Windy
2020,2020-09-22,20.4,2.9,22.5,Cloudy
2020,2020-09-23,17.8,20.2,6.8,Cloudy
2020,2020-09-24,24.0,17.3,28.1,Cloudy
2020,2020-09-25,37.9,8.4,46.1,Sunny
2020,2020-09-26,19.8,21.7,18.9,Foggy
2020,2020-09-27,38.0,3.0,15.5,Windy
2020,2020-09-28,14.3,7.2,13.9,Foggy
2020,2020-09-29,39.6,6.7,42.0,Sunny
2020,2020-09-30,40.0,15.5,46.5,Windy
2020,2020-10-01,22.2,18.5,7.7,Foggy
2020,2020-10-02,19.0,11.0,13.8,Snowy
2020,2020-10-03,26.5,3.6,17.1,Foggy
2020,2020-10-04,39.8,4.4,17.0,Snowy
2020,2020-10-05,28.2,21.7,39.1,Cloudy
2020,2020-10-06,32.1,17.4,22.3,Rainy
2020,2020-10-07,37.2,19.6,31.3,Rainy
2020,2020-10-08,15.9,23.3,7.6,Snowy
2020,2020-10-09,14.5,6.5,33.4,Snowy
2020,2020-10-10,28.4,2.9,9.9,Sunny
2020,2020-10-11,12.8,2.5,7.1,Cloudy
2020,2020-10-12,25.4,11.4,41.8,Stormy
2020,2020-10-13,39.9,21.0,10.3,Snowy
2020,2020-10-14,20.2,10.8,41.2,Sunny
2020,2020-10-15,22.3,24.0,21.1,Stormy
2020,2020-10-16,28.0,8.2,9.7,Stormy
2020,2020-10-17,37.8,6.4,46.8,Rainy
2020,2020-10-18,32.4,23.7,31.0,Snowy
2020,2020-10-19,35.3,15.3,28.8,Windy
2020,2020-10-20,15.8,5.8,18.0,Windy
2020,2020-10-21,20.3,22.6,4.5,Foggy
2020,2020-10-22,32.2,3.4,29.9,Foggy
2020,2020-10-23,19.0,8.4,18.1,Sunny
2020,2020-10-24,36.2,7.5,18.1,Sunny
2020,2020-10-25,17.1,9.0,33.1,Cloudy
2020,2020-10-26,18.5,7.2,6.0,Snowy
2020,2020-10-27,27.1,8.6,28.1,Sunny
2020,2020-10-28,19.8,1.9,0.7,Stormy
2020,2020-10-29,25.6,5.2,46.8,Windy
2020,2020-10-30,29.9,8.5,32.6,Stormy
2020,2020-10-31,39.2,3.4,22.0,Snowy
2020,2020-11-01,37.2,18.3,37.2,Foggy
2020,2020-11-02,13.3,7.3,17.6,Windy
2020,2020-11-03,36.8,24.5,43.5,Windy
2020,2020-11-04,23.2,12.5,2.3,Windy
2020,2020-11-05,17.3,3.1,8.8,Windy
2020,2020-11-06,15.9,23.5,11.5,Windy
2020,2020-11-07,38.7,24.1,46.3,Sunny
2020,2020-11-08,27.8,2.9,19.7,Sunny
2020,2020-11-09,15.9,8.5,11.0,Sunny
2020,2020-11-10,17.2,14.9,34.6,Sunny
2020,2020-11-11,14.9,3.1,35.2,Windy
2020,2020-11-12,31.9,19.5,34.6,Stormy
2020,2020-11-13,39.0,20.2,15.0,Stormy
2020,2020-11-14,18.6,8.3,21.3,Sunny
2020,2020-11-15,30.9,24.2,46.5,Stormy
2020,2020-11-16,28.8,15.2,14.3,Snowy
2020,2020-11-17,33.5,1.7,19.0,Windy
2020,2020-11-18,34.9,7.6,43.2,Foggy
2020,2020-11-19,19.7,17.0,22.4,Cloudy
2020,2020-11-20,10.5,15.8,40.9,Rainy
2020,2020-11-21,34.5,5.7,6.1,Stormy
2020,2020-11-22,35.0,20.4,30.2,Sunny
2020,2020-11-23,27.7,4.7,24.7,Snowy
2020,2020-11-24,33.1,2.2,42.8,Rainy
2020,2020-11-25,23.5,1.7,34.7,Stormy
2020,2020-11-26,15.0,14.8,18.4,Cloudy
2020,2020-11-27,28.1,23.7,41.3,Rainy
2020,2020-11-28,16.4,25.0,20.1,Windy
2020,2020-11-29,27.2,8.5,44.1,Stormy
2020,2020-11-30,29.0,10.9,20.0,Snowy
2020,2020-12-01,25.1,18.1,20.1,Rainy
2020,2020-12-02,16.0,2.1,42.8,Windy
2020,2020-12-03,21.1,4.4,20.3,Windy
2020,2020-12-04,32.1,23.0,5.1,Cloudy
2020,2020-12-05,31.7,7.3,9.7,Stormy
2020,2020-12-06,14.9,9.7,19.9,Snowy
2020,2020-12-07,29.4,14.4,17.2,Stormy
2020,2020-12-08,10.3,1.4,22.5,Cloudy
2020,2020-12-09,15.3,23.3,14.1,Rainy
2020,2020-12-10,25.1,20.7,0.1,Snowy
2020,2020-12-11,15.8,20.4,42.7,Rainy
2020,2020-12-12,11.4,8.8,43.7,Cloudy
2020,2020-12-13,35.3,11.8,37.4,Cloudy
2020,2020-12-14,24.0,4.3,47.8,Rainy
2020,2020-12-15,19.9,11.1,25.3,Rainy
2020,2020-12-16,26.6,17.7,17.2,Windy
2020,2020-12-17,32.0,16.9,19.4,Sunny
2020,2020-12-18,22.0,20.3,31.6,Windy
2020,2020-12-19,13.9,15.9,14.1,Stormy
2020,2020-12-20,19.0,15.0,12.7,Sunny
2020,2020-12-21,15.9,4.0,37.4,Stormy
2020,2020-12-22,20.0,13.1,18.5,Windy
2020,2020-12-23,37.6,9.4,5.6,Stormy
2020,2020-12-24,24.0,14.0,24.8,Sunny
2020,2020-12-25,10.4,9.2,34.7,Snowy
2020,2020-12-26,19.6,16.9,17.1,Sunny
2020,2020-12-27,32.1,22.1,1.3,Windy
2020,2020-12-28,26.5,17.1,24.7,Windy
2020,2020-12-29,27.7,16.9,16.5,Snowy
2020,2020-12-30,23.7,5.9,36.0,Stormy
2020,2020-12-31,26.8,22.0,37.9,Foggy
2021,2021-01-01,16.5,9.7,37.3,Sunny
2021,2021-01-02,33.7,10.3,16.9,Stormy
2021,2021-01-03,39.5,23.5,35.5,Snowy
2021,2021-01-04,15.6,21.9,31.8,Windy
2021,2021-01-05,31.8,9.5,2.5,Sunny
2021,2021-01-06,35.6,5.7,34.0,Snowy
2021,2021-01-07,11.8,20.1,19.8,Windy
2021,2021-01-08,24.5,24.5,34.9,Foggy
2021,2021-01-09,31.1,18.2,29.3,Rainy
2021,2021-01-10,17.7,24.5,48.5,Rainy
2021,2021-01-11,30.4,12.7,36.2,Rainy
2021,2021-01-12,31.6,18.2,12.3,Stormy
2021,2021-01-13,38.0,17.7,0.3,Sunny
2021,2021-01-14,24.7,9.5,38.8,Stormy
2021,2021-01-15,20.3,15.5,40.6,Windy
2021,2021-01-16,39.8,10.8,26.9,Stormy
2021,2021-01-17,22.3,4.4,47.9,Foggy
2021,2021-01-18,38.2,21.8,43.5,Stormy
2021,2021-01-19,29.9,14.0,40.2,Snowy
2021,2021-01-20,21.4,2.3,6.6,Windy
2021,2021-01-21,11.5,16.9,14.5,Snowy
2021,2021-01-22,38.4,9.0,28.6,Stormy
2021,2021-01-23,40.0,17.6,14.6,Snowy
2021,2021-01-24,24.2,14.9,10.4,Windy
2021,2021-01-25,17.8,15.9,1.8,Foggy
2021,2021-01-26,38.9,7.6,1.9,Rainy
2021,2021-01-27,15.1,19.7,12.7,Rainy
2021,2021-01-28,31.5,6.2,37.1,Foggy
2021,2021-01-29,20.9,13.9,11.9,Windy
2021,2021-01-30,33.6,12.0,39.5,Rainy
2021,2021-01-31,34.8,12.9,11.4,Sunny
2021,2021-02-01,24.9,2.7,0.2,Rainy
2021,2021-02-02,38.0,8.8,39.7,Snowy
2021,2021-02-03,20.1,4.2,44.9,Stormy
2021,2021-02-04,21.7,6.3,1.9,Foggy
2021,2021-02-05,15.6,15.9,47.9,Foggy
2021,2021-02-06,22.8,6.2,2.0,Cloudy
2021,2021-02-07,34.5,24.3,3.1,Windy
2021,2021-02-08,29.2,5.0,22.9,Sunny
2021,2021-02-09,26.4,8.8,0.9,Stormy
2021,2021-02-10,12.0,5.9,35.1,Snowy
2021,2021-02-11,13.1,14.4,2.6,Cloudy
2021,2021-02-12,18.4,20.7,36.4,Cloudy
2021,2021-02-13,35.5,4.7,38.3,Rainy
2021,2021-02-14,21.3,21.5,26.0,Cloudy
2021,2021-02-15,21.9,24.9,9.8,Cloudy
2021,2021-02-16,14.5,23.8,40.4,Stormy
2021,2021-02-17,28.3,1.5,47.9,Stormy
2021,2021-02-18,31.3,23.4,16.5,Foggy
2021,2021-02-19,35.9,5.2,26.6,Windy
2021,2021-02-20,39.0,11.2,47.1,Foggy
2021,2021-02-21,12.6,22.8,22.1,Snowy
2021,2021-02-22,18.7,21.0,7.7,Windy
2021,2021-02-23,36.6,16.8,4.7,Cloudy
2021,2021-02-24,31.8,22.3,42.5,Foggy
2021,2021-02-25,24.6,10.2,42.7,Stormy
2021,2021-02-26,33.6,16.4,34.3,Rainy
2021,2021-02-27,27.9,22.7,37.8,Rainy
2021,2021-02-28,17.0,15.5,42.9,Foggy
2021,2021-03-01,37.1,5.6,36.4,Sunny
2021,2021-03-02,13.6,12.7,38.3,Rainy
2021,2021-03-03,31.4,16.1,11.8,Stormy
2021,2021-03-04,32.5,15.4,23.6,Snowy
2021,2021-03-05,13.5,4.0,17.6,Windy
2021,2021-03-06,35.5,7.1,42.5,Cloudy
2021,2021-03-07,32.7,1.0,2.6,Stormy
2021,2021-03-08,20.1,1.5,15.4,Foggy
2021,2021-03-09,31.8,23.7,2.3,Snowy
2021,2021-03-10,13.7,20.8,28.3,Foggy
2021,2021-03-11,23.2,11.8,19.8,Foggy
2021,2021-03-12,28.5,13.0,49.0,Stormy
2021,2021-03-13,39.3,4.4,18.6,Stormy
2021,2021-03-14,24.1,17.2,47.8,Stormy
2021,2021-03-15,24.7,19.5,33.6,Foggy
2021,2021-03-16,12.3,14.9,15.8,Foggy
2021,2021-03-17,26.2,22.5,46.1,Rainy
2021,2021-03-18,35.0,12.3,49.4,Rainy
2021,2021-03-19,29.2,14.8,13.8,Stormy
2021,2021-03-20,19.3,9.7,43.6,Foggy
2021,2021-03-21,27.5,11.6,27.5,Rainy
2021,2021-03-22,20.0,18.7,19.0,Foggy
2021,2021-03-23,37.5,16.2,41.6,Cloudy
2021,2021-03-24,38.2,1.5,41.2,Stormy
2021,2021-03-25,35.5,9.6,34.8,Stormy
2021,2021-03-26,24.8,24.3,17.6,Foggy
2021,2021-03-27,21.0,20.6,10.7,Cloudy
2021,2021-03-28,32.9,13.4,18.1,Sunny
2021,2021-03-29,15.4,7.3,16.8,Windy
2021,2021-03-30,28.1,24.9,5.8,Foggy
2021,2021-03-31,24.1,12.2,36.1,Stormy
2021,2021-04-01,28.4,1.4,9.8,Windy
2021,2021-04-02,15.2,17.3,27.0,Cloudy
2021,2021-04-03,29.6,3.8,33.2,Sunny
2021,2021-04-04,24.5,19.3,11.2,Foggy
2021,2021-04-05,16.7,15.7,39.2,Sunny
2021,2021-04-06,18.8,14.5,36.2,Sunny
2021,2021-04-07,11.0,17.9,23.2,Foggy
2021,2021-04-08,19.2,19.1,0.1,Stormy
2021,2021-04-09,22.2,2.9,2.5,Foggy
2021,2021-04-10,14.1,15.0,6.7,Foggy
2021,2021-04-11,11.7,2.6,13.6,Rainy
2021,2021-04-12,37.0,10.0,19.6,Windy
2021,2021-04-13,30.2,10.4,47.4,Cloudy
2021,2021-04-14,25.9,13.0,8.6,Sunny
2021,2021-04-15,10.8,3.8,43.3,Rainy
2021,2021-04-16,33.1,3.5,30.9,Snowy
2021,2021-04-17,35.4,10.1,17.5,Stormy
2021,2021-04-18,30.7,13.4,41.9,Windy
2021,2021-04-19,27.3,15.9,19.2,Stormy
2021,2021-04-20,16.2,10.5,37.1,Windy
2021,2021-04-21,16.8,9.1,10.3,Snowy
2021,2021-04-22,29.8,2.0,23.7,Snowy
2021,2021-04-23,25.6,1.8,31.0,Rainy
2021,2021-04-24,23.2,12.7,3.3,Stormy
2021,2021-04-25,12.3,23.0,11.1,Sunny
2021,2021-04-26,24.0,18.4,44.6,Cloudy
2021,2021-04-27,16.4,10.3,17.5,Stormy
2021,2021-04-28,17.8,24.1,3.5,Windy
2021,2021-04-29,22.2,1.7,48.8,Sunny
2021,2021-04-30,29.9,21.9,32.0,Snowy
2021,2021-05-01,38.1,4.3,10.2,Stormy
2021,2021-05-02,21.9,18.7,34.1,Stormy
2021,2021-05-03,18.4,8.0,2.3,Snowy
2021,2021-05-04,31.1,17.4,25.9,Rainy
2021,2021-05-05,26.0,18.8,45.9,Windy
2021,2021-05-06,38.3,2.2,11.9,Foggy
2021,2021-05-07,23.1,9.9,27.0,Sunny
2021,2021-05-08,14.3,9.8,12.6,Rainy
2021,2021-05-09,11.2,17.3,39.2,Cloudy
2021,2021-05-10,22.5,1.7,4.7,Rainy
2021,2021-05-11,13.2,7.3,6.7,Stormy
2021,2021-05-12,35.6,21.7,1.3,Foggy
2021,2021-05-13,30.0,23.3,18.1,Cloudy
2021,2021-05-14,18.8,20.0,21.2,Windy
2021,2021-05-15,18.6,17.5,3.6,Rainy
2021,2021-05-16,17.0,23.4,2.8,Snowy
2021,2021-05-17,32.4,24.2,1.4,Cloudy
2021,2021-05-18,23.6,8.0,33.1,Stormy
2021,2021-05-19,35.9,8.5,0.9,Snowy
2021,2021-05-20,12.2,6.9,11.0,Stormy
2021,2021-05-21,22.7,3.0,39.5,Windy
2021,2021-05-22,32.8,4.2,47.2,Cloudy
2021,2021-05-23,34.5,14.3,34.4,Snowy
2021,2021-05-24,28.7,16.7,8.4,Rainy
2021,2021-05-25,12.6,4.3,47.8,Windy
2021,2021-05-26,15.8,3.9,3.0,Windy
2021,2021-05-27,11.3,4.9,26.5,Rainy
2021,2021-05-28,36.1,22.0,17.3,Cloudy
2021,2021-05-29,20.4,17.3,34.8,Foggy
2021,2021-05-30,20.1,9.1,35.8,Stormy
2021,2021-05-31,27.0,7.6,33.8,Cloudy
2021,2021-06-01,29.4,19.0,12.0,Stormy
2021,2021-06-02,34.9,22.6,40.9,Sunny
2021,2021-06-03,32.0,20.5,26.6,Sunny
2021,2021-06-04,22.3,21.3,23.2,Cloudy
2021,2021-06-05,18.8,13.9,7.0,Stormy
2021,2021-06-06,25.3,24.3,3.4,Cloudy
2021,2021-06-07,22.8,22.0,29.0,Rainy
2021,2021-06-08,18.4,18.2,9.7,Stormy
2021,2021-06-09,38.9,14.0,30.5,Foggy
2021,2021-06-10,16.6,7.6,17.9,Sunny
2021,2021-06-11,28.3,21.4,36.5,Snowy
2021,2021-06-12,30.0,21.8,38.4,Rainy
2021,2021-06-13,32.5,10.0,21.8,Foggy
2021,2021-06-14,27.4,18.7,19.8,Foggy
2021,2021-06-15,13.1,20.5,38.7,Rainy
2021,2021-06-16,23.6,13.7,48.8,Windy
2021,2021-06-17,12.0,9.5,48.7,Snowy
2021,2021-06-18,19.6,22.7,5.4,Stormy
2021,2021-06-19,31.6,10.3,26.9,Stormy
2021,2021-06-20,15.3,20.1,48.8,Sunny
2021,2021-06-21,30.3,11.9,8.0,Sunny
2021,2021-06-22,28.1,7.6,7.4,Stormy
2021,2021-06-23,35.0,22.3,15.9,Snowy
2021,2021-06-24,15.3,16.1,15.3,Stormy
2021,2021-06-25,35.7,18.1,35.0,Sunny
2021,2021-06-26,17.3,3.7,27.9,Rainy
2021,2021-06-27,17.1,11.9,43.3,Snowy
2021,2021-06-28,11.2,1.4,2.6,Stormy
2021,2021-06-29,18.9,18.2,29.3,Windy
2021,2021-06-30,13.8,12.8,40.5,Rainy
2021,2021-07-01,39.2,10.0,41.8,Cloudy
2021,2021-07-02,23.6,6.4,37.6,Snowy
2021,2021-07-03,19.5,21.6,23.3,Snowy
2021,2021-07-04,19.7,22.6,4.2,Cloudy
2021,2021-07-05,10.6,21.0,34.4,Foggy
2021,2021-07-06,19.5,17.9,20.5,Windy
2021,2021-07-07,38.4,16.5,45.0,Windy
2021,2021-07-08,29.2,19.7,5.2,Sunny
2021,2021-07-09,19.0,17.4,36.5,Windy
2021,2021-07-10,21.1,18.3,35.0,Sunny
2021,2021-07-11,10.2,6.9,48.2,Foggy
2021,2021-07-12,23.5,7.9,44.3,Windy
2021,2021-07-13,39.5,17.6,17.6,Stormy
2021,2021-07-14,22.1,9.9,7.5,Stormy
2021,2021-07-15,31.9,4.9,27.9,Rainy
2021,2021-07-16,15.6,11.8,21.2,Stormy
2021,2021-07-17,21.7,24.7,24.9,Foggy
2021,2021-07-18,15.6,3.6,6.5,Sunny
2021,2021-07-19,37.4,11.0,22.5,Rainy
2021,2021-07-20,23.0,17.5,23.1,Stormy
2021,2021-07-21,18.3,6.0,2.9,Snowy
2021,2021-07-22,15.3,8.6,6.4,Sunny
2021,2021-07-23,28.0,8.4,4.3,Snowy
2021,2021-07-24,15.4,8.9,1.9,Cloudy
2021,2021-07-25,11.8,12.3,1.1,Snowy
2021,2021-07-26,16.3,10.5,1.7,Snowy
2021,2021-07-27,35.3,22.9,18.5,Rainy
2021,2021-07-28,27.8,16.9,6.3,Windy
2021,2021-07-29,22.8,21.5,40.1,Stormy
2021,2021-07-30,28.9,17.7,26.8,Cloudy
2021,2021-07-31,39.5,12.1,27.0,Cloudy
2021,2021-08-01,18.6,5.4,8.6,Rainy
2021,2021-08-02,29.4,8.7,4.0,Cloudy
2021,2021-08-03,31.6,2.7,11.2,Snowy
2021,2021-08-04,16.1,13.1,46.5,Foggy
2021,2021-08-05,17.1,21.3,41.7,Cloudy
2021,2021-08-06,12.9,22.1,13.4,Rainy
2021,2021-08-07,38.0,6.8,31.9,Snowy
2021,2021-08-08,27.0,18.3,18.1,Sunny
2021,2021-08-09,24.2,4.1,27.0,Stormy
2021,2021-08-10,24.6,6.6,39.8,Snowy
2021,2021-08-11,28.5,9.3,41.0,Windy
2021,2021-08-12,28.5,9.7,36.4,Stormy
2021,2021-08-13,20.8,5.9,39.7,Cloudy
2021,2021-08-14,39.2,12.3,25.9,Sunny
2021,2021-08-15,11.3,3.7,1.9,Foggy
2021,2021-08-16,33.2,7.5,3.6,Foggy
2021,2021-08-17,18.3,21.5,41.8,Windy
2021,2021-08-18,13.5,7.6,6.7,Rainy
2021,2021-08-19,17.4,4.7,9.4,Sunny
2021,2021-08-20,22.6,25.0,20.6,Snowy
2021,2021-08-21,36.8,7.4,23.3,Foggy
2021,2021-08-22,12.5,4.6,12.8,Sunny
2021,2021-08-23,38.7,5.3,41.2,Stormy
2021,2021-08-24,18.9,23.1,11.3,Snowy
2021,2021-08-25,25.3,5.5,13.1,Snowy
2021,2021-08-26,20.4,8.2,15.6,Foggy
2021,2021-08-27,20.1,4.4,12.0,Rainy
2021,2021-08-28,12.9,24.0,37.8,Windy
2021,2021-08-29,29.6,15.8,13.1,Stormy
2021,2021-08-30,15.9,15.9,27.6,Rainy
2021,2021-08-31,18.2,20.6,33.3,Foggy
2021,2021-09-01,26.4,12.9,17.7,Windy
2021,2021-09-02,36.7,14.3,28.9,Foggy
2021,2021-09-03,22.1,8.0,36.5,Rainy
2021,2021-09-04,16.4,24.8,6.3,Foggy
2021,2021-09-05,29.8,6.5,0.8,Rainy
2021,2021-09-06,32.2,16.0,10.2,Foggy
2021,2021-09-07,31.3,10.0,18.8,Windy
2021,2021-09-08,11.2,17.6,32.6,Foggy
2021,2021-09-09,13.5,6.4,8.7,Snowy
2021,2021-09-10,27.8,10.2,28.0,Stormy
2021,2021-09-11,30.4,7.7,12.6,Rainy
2021,2021-09-12,25.8,15.3,26.8,Cloudy
2021,2021-09-13,17.7,8.7,1.1,Sunny
2021,2021-09-14,39.3,19.9,26.9,Sunny
2021,2021-09-15,22.6,5.8,15.5,Snowy
2021,2021-09-16,38.9,12.5,22.9,Windy
2021,2021-09-17,22.7,21.5,18.3,Rainy
2021,2021-09-18,15.1,13.5,36.0,Sunny
2021,2021-09-19,36.0,18.7,9.9,Windy
2021,2021-09-20,22.4,20.1,30.2,Windy
2021,2021-09-21,27.3,10.9,0.3,Foggy
2021,2021-09-22,20.9,21.0,41.9,Rainy
2021,2021-09-23,31.8,6.3,43.8,Snowy
2021,2021-09-24,19.5,19.9,44.4,Foggy
2021,2021-09-25,12.0,12.4,16.1,Foggy
2021,2021-09-26,21.7,22.7,5.2,Snowy
2021,2021-09-27,10.5,16.3,49.3,Windy
2021,2021-09-28,33.7,8.5,23.3,Cloudy
2021,2021-09-29,16.9,23.7,19.5,Stormy
2021,2021-09-30,26.0,18.7,25.9,Snowy
2021,2021-10-01,21.5,15.7,11.6,Cloudy
2021,2021-10-02,18.6,6.2,35.9,Stormy
2021,2021-10-03,16.6,24.8,34.0,Stormy
2021,2021-10-04,23.7,1.4,40.1,Stormy
2021,2021-10-05,29.5,12.0,12.1,Sunny
2021,2021-10-06,23.8,9.0,29.5,Sunny
2021,2021-10-07,14.0,4.6,21.8,Rainy
2021,2021-10-08,15.0,18.6,47.8,Foggy
2021,2021-10-09,33.9,6.1,11.3,Foggy
2021,2021-10-10,20.7,9.9,33.7,Foggy
2021,2021-10-11,16.5,10.4,40.5,Rainy
2021,2021-10-12,26.8,19.7,4.5,Windy
2021,2021-10-13,20.5,5.4,4.7,Foggy
2021,2021-10-14,37.8,11.4,26.3,Foggy
2021,2021-10-15,12.4,3.2,14.8,Windy
2021,2021-10-16,25.8,18.1,31.7,Sunny
2021,2021-10-17,37.3,23.8,33.1,Snowy
2021,2021-10-18,14.1,20.4,27.2,Rainy
2021,2021-10-19,35.3,3.8,18.6,Stormy
2021,2021-10-20,27.4,13.1,43.8,Sunny
2021,2021-10-21,34.4,8.5,0.6,Windy
2021,2021-10-22,18.7,24.1,28.4,Foggy
2021,2021-10-23,37.5,24.7,19.4,Foggy
2021,2021-10-24,32.3,2.7,26.0,Cloudy
2021,2021-10-25,37.8,2.7,39.1,Windy
2021,2021-10-26,21.2,20.9,29.1,Windy
2021,2021-10-27,11.6,20.1,39.6,Windy
2021,2021-10-28,17.5,10.2,30.3,Cloudy
2021,2021-10-29,24.7,23.9,0.4,Foggy
2021,2021-10-30,18.1,21.6,46.4,Windy
2021,2021-10-31,29.6,10.3,9.1,Foggy
2021,2021-11-01,15.8,4.0,6.3,Windy
2021,2021-11-02,35.2,4.9,34.6,Rainy
2021,2021-11-03,33.4,10.6,18.9,Windy
2021,2021-11-04,36.4,12.6,32.7,Foggy
2021,2021-11-05,19.2,20.2,32.4,Snowy
2021,2021-11-06,39.9,8.0,24.1,Cloudy
2021,2021-11-07,10.1,8.4,40.8,Sunny
2021,2021-11-08,25.1,2.2,23.0,Rainy
2021,2021-11-09,16.2,11.7,45.8,Sunny
2021,2021-11-10,23.3,9.8,3.7,Cloudy
2021,2021-11-11,23.3,5.5,23.0,Windy
2021,2021-11-12,29.6,20.7,33.4,Foggy
2021,2021-11-13,25.2,14.6,20.9,Stormy
2021,2021-11-14,22.3,7.8,18.2,Foggy
2021,2021-11-15,16.1,2.9,46.3,Snowy
2021,2021-11-16,30.4,18.1,4.3,Snowy
2021,2021-11-17,31.0,12.3,36.4,Snowy
2021,2021-11-18,13.2,17.0,37.0,Rainy
2021,2021-11-19,38.7,24.9,18.0,Rainy
2021,2021-11-20,18.3,23.0,38.6,Snowy
2021,2021-11-21,25.1,7.7,46.1,Sunny
2021,2021-11-22,37.6,12.3,9.6,Sunny
2021,2021-11-23,31.6,4.3,24.2,Snowy
2021,2021-11-24,34.8,12.7,43.6,Foggy
2021,2021-11-25,12.6,9.2,34.4,Sunny
2021,2021-11-26,26.6,10.2,30.8,Snowy
2021,2021-11-27,35.2,1.5,19.7,Rainy
2021,2021-11-28,15.0,8.2,43.3,Windy
2021,2021-11-29,25.9,24.7,0.0,Windy
2021,2021-11-30,23.6,20.8,39.9,Rainy
2021,2021-12-01,35.7,1.9,26.2,Windy
2021,2021-12-02,16.4,11.4,5.9,Foggy
2021,2021-12-03,35.8,4.0,3.5,Foggy
2021,2021-12-04,19.9,6.5,33.1,Windy
2021,2021-12-05,15.4,18.5,0.5,Cloudy
2021,2021-12-06,35.1,8.2,37.7,Foggy
2021,2021-12-07,22.7,22.1,31.2,Cloudy
2021,2021-12-08,16.7,11.1,13.0,Sunny
2021,2021-12-09,22.3,14.5,30.1,Cloudy
2021,2021-12-10,31.4,24.5,43.4,Snowy
2021,2021-12-11,32.7,5.6,40.8,Cloudy
2021,2021-12-12,31.7,23.0,13.9,Rainy
2021,2021-12-13,27.8,12.8,29.2,Cloudy
2021,2021-12-14,23.5,6.7,11.6,Cloudy
2021,2021-12-15,16.2,15.7,31.8,Stormy
2021,2021-12-16,29.6,23.4,20.6,Stormy
2021,2021-12-17,19.0,6.9,15.0,Rainy
2021,2021-12-18,10.2,6.0,4.9,Foggy
2021,2021-12-19,10.4,13.5,49.4,Windy
2021,2021-12-20,30.5,18.8,48.5,Sunny
2021,2021-12-21,11.6,7.1,2.3,Rainy
2021,2021-12-22,33.0,13.6,21.1,Rainy
2021,2021-12-23,29.4,7.9,35.5,Stormy
2021,2021-12-24,26.8,1.4,34.1,Snowy
2021,2021-12-25,30.1,14.3,24.0,Stormy
2021,2021-12-26,16.0,23.8,9.6,Snowy
2021,2021-12-27,20.6,12.8,0.1,Rainy
2021,2021-12-28,31.8,23.4,11.7,Cloudy
2021,2021-12-29,34.0,4.8,45.6,Snowy
2021,2021-12-30,10.2,25.0,5.9,Cloudy
2021,2021-12-31,16.0,4.5,16.3,Cloudy
2022,2022-01-01,20.2,21.3,41.9,Windy
2022,2022-01-02,12.1,4.4,27.8,Cloudy
2022,2022-01-03,23.6,18.5,43.2,Snowy
2022,2022-01-04,19.8,2.5,31.9,Sunny
2022,2022-01-05,10.7,8.1,31.6,Sunny
2022,2022-01-06,33.0,21.4,45.6,Rainy
2022,2022-01-07,31.9,6.2,47.4,Rainy
2022,2022-01-08,39.9,21.3,49.9,Stormy
2022,2022-01-09,18.0,7.2,45.3,Rainy
2022,2022-01-10,36.7,11.1,32.1,Snowy
2022,2022-01-11,22.4,1.1,2.8,Rainy
2022,2022-01-12,11.6,16.1,49.6,Windy
2022,2022-01-13,35.1,8.0,49.8,Cloudy
2022,2022-01-14,10.0,21.0,2.1,Snowy
2022,2022-01-15,12.2,6.2,0.8,Sunny
2022,2022-01-16,33.9,6.8,42.5,Windy
2022,2022-01-17,18.9,5.5,12.2,Sunny
2022,2022-01-18,32.0,16.4,31.5,Rainy
2022,2022-01-19,29.9,5.5,46.6,Windy
2022,2022-01-20,24.6,20.8,2.6,Foggy
2022,2022-01-21,22.2,4.8,32.7,Snowy
2022,2022-01-22,32.1,6.7,11.2,Sunny
2022,2022-01-23,14.1,20.0,37.4,Sunny
2022,2022-01-24,27.0,22.5,28.5,Stormy
2022,2022-01-25,13.0,15.5,42.0,Sunny
2022,2022-01-26,35.3,6.8,40.3,Snowy
2022,2022-01-27,16.4,24.9,42.7,Sunny
2022,2022-01-28,38.4,17.6,24.8,Snowy
2022,2022-01-29,35.4,6.2,5.1,Foggy
2022,2022-01-30,36.9,4.2,6.4,Rainy
2022,2022-01-31,16.6,5.1,14.2,Foggy
2022,2022-02-01,12.7,2.9,33.0,Windy
2022,2022-02-02,38.6,6.3,13.7,Rainy
2022,2022-02-03,13.5,12.1,17.7,Sunny
2022,2022-02-04,21.3,1.4,38.4,Windy
2022,2022-02-05,19.1,12.3,18.5,Foggy
2022,2022-02-06,15.1,13.1,5.3,Windy
2022,2022-02-07,30.5,5.8,43.3,Cloudy
2022,2022-02-08,15.7,3.1,37.4,Foggy
2022,2022-02-09,14.6,13.5,27.5,Cloudy
2022,2022-02-10,20.3,1.8,5.7,Cloudy
2022,2022-02-11,38.8,16.1,24.9,Foggy
2022,2022-02-12,19.7,5.9,30.1,Windy
2022,2022-02-13,25.2,6.6,37.9,Cloudy
2022,2022-02-14,27.4,19.2,30.8,Foggy
2022,2022-02-15,31.4,15.8,33.9,Stormy
2022,2022-02-16,27.4,4.1,21.6,Foggy
2022,2022-02-17,39.7,1.4,5.9,Cloudy
2022,2022-02-18,33.0,14.6,18.2,Windy
2022,2022-02-19,39.1,18.3,26.2,Foggy
2022,2022-02-20,36.4,12.7,8.2,Foggy
2022,2022-02-21,19.8,22.8,5.3,Rainy
2022,2022-02-22,21.2,8.3,33.3,Cloudy
2022,2022-02-23,33.7,3.2,23.3,Rainy
2022,2022-02-24,25.2,23.6,18.3,Foggy
2022,2022-02-25,27.0,9.9,15.1,Stormy
2022,2022-02-26,12.5,4.6,48.6,Sunny
2022,2022-02-27,33.1,13.4,7.5,Snowy
2022,2022-02-28,15.9,18.1,4.0,Sunny
2022,2022-03-01,36.6,11.5,42.4,Snowy
2022,2022-03-02,19.1,23.5,42.1,Cloudy
2022,2022-03-03,29.7,7.1,10.9,Windy
2022,2022-03-04,24.4,6.6,43.2,Windy
2022,2022-03-05,14.0,10.6,31.8,Snowy
2022,2022-03-06,35.4,4.6,23.0,Foggy
2022,2022-03-07,34.0,1.7,48.5,Foggy
2022,2022-03-08,32.5,17.0,2.5,Sunny
2022,2022-03-09,11.4,21.1,31.9,Cloudy
2022,2022-03-10,37.4,19.8,43.7,Windy
2022,2022-03-11,23.0,18.3,46.0,Sunny
2022,2022-03-12,29.1,6.5,42.2,Snowy
2022,2022-03-13,16.3,7.2,6.4,Snowy
2022,2022-03-14,23.7,8.6,41.6,Cloudy
2022,2022-03-15,14.0,19.6,10.1,Cloudy
2022,2022-03-16,15.6,16.1,15.6,Windy
2022,2022-03-17,18.4,9.9,4.9,Cloudy
2022,2022-03-18,35.5,17.2,41.8,Foggy
2022,2022-03-19,12.7,12.8,46.1,Sunny
2022,2022-03-20,32.4,22.6,37.7,Sunny
2022,2022-03-21,28.3,7.1,18.4,Foggy
2022,2022-03-22,25.6,15.3,8.1,Rainy
2022,2022-03-23,13.8,3.7,39.9,Cloudy
2022,2022-03-24,38.7,4.1,31.5,Sunny
2022,2022-03-25,20.9,10.9,6.2,Windy
2022,2022-03-26,37.5,14.1,3.5,Cloudy
2022,2022-03-27,12.6,15.0,0.3,Stormy
2022,2022-03-28,20.0,23.1,4.7,Stormy
2022,2022-03-29,37.5,22.9,34.6,Snowy
2022,2022-03-30,33.5,1.7,34.9,Snowy
2022,2022-03-31,11.1,4.5,13.7,Sunny
2022,2022-04-01,30.0,12.0,11.1,Cloudy
2022,2022-04-02,35.5,4.0,7.3,Windy
2022,2022-04-03,35.3,15.8,7.5,Windy
2022,2022-04-04,29.2,23.6,32.7,Cloudy
2022,2022-04-05,13.6,4.8,44.8,Windy
2022,2022-04-06,19.7,21.3,12.6,Foggy
2022,2022-04-07,17.0,18.2,28.0,Sunny
2022,2022-04-08,38.4,12.3,36.4,Sunny
2022,2022-04-09,31.2,22.0,2.4,Snowy
2022,2022-04-10,12.0,17.1,25.7,Stormy
2022,2022-04-11,17.2,10.4,4.9,Windy
2022,2022-04-12,24.9,18.0,47.9,Snowy
2022,2022-04-13,19.3,17.6,15.5,Windy
2022,2022-04-14,16.3,7.0,38.6,Foggy
2022,2022-04-15,37.7,22.1,3.7,Sunny
2022,2022-04-16,36.3,21.0,1.3,Sunny
2022,2022-04-17,35.7,19.3,1.1,Windy
2022,2022-04-18,36.0,22.3,47.0,Rainy
2022,2022-04-19,20.7,2.4,11.3,Foggy
2022,2022-04-20,33.0,7.2,38.3,Rainy
2022,2022-04-21,29.1,10.6,19.1,Foggy
2022,2022-04-22,31.1,11.3,3.9,Windy
2022,2022-04-23,17.2,24.0,47.1,Stormy
2022,2022-04-24,20.0,9.1,11.2,Cloudy
2022,2022-04-25,34.8,9.0,28.6,Rainy
2022,2022-04-26,36.2,21.3,43.9,Snowy
2022,2022-04-27,14.6,20.6,23.0,Cloudy
2022,2022-04-28,22.2,4.4,23.1,Windy
2022,2022-04-29,28.2,18.7,15.3,Rainy
2022,2022-04-30,16.2,20.0,18.9,Foggy
2022,2022-05-01,30.1,9.9,1.0,Windy
2022,2022-05-02,19.2,2.3,4.1,Cloudy
2022,2022-05-03,34.4,2.5,41.1,Rainy
2022,2022-05-04,21.3,7.2,7.1,Sunny
2022,2022-05-05,10.1,17.0,8.8,Foggy
2022,2022-05-06,26.4,21.8,13.2,Snowy
2022,2022-05-07,34.4,6.6,45.1,Cloudy
2022,2022-05-08,11.1,4.7,2.3,Snowy
2022,2022-05-09,20.3,12.2,18.9,Snowy
2022,2022-05-10,34.9,19.8,34.2,Snowy
2022,2022-05-11,34.8,18.3,47.2,Foggy
2022,2022-05-12,25.7,9.7,40.1,Cloudy
2022,2022-05-13,20.5,14.8,48.3,Snowy
2022,2022-05-14,29.7,12.6,38.4,Foggy
2022,2022-05-15,21.5,9.4,47.5,Windy
2022,2022-05-16,26.6,10.4,14.5,Snowy
2022,2022-05-17,20.2,12.8,34.5,Windy
2022,2022-05-18,23.5,9.2,38.8,Snowy
2022,2022-05-19,19.4,8.4,25.7,Snowy
2022,2022-05-20,28.8,15.5,14.3,Cloudy
2022,2022-05-21,39.0,14.7,9.4,Snowy
2022,2022-05-22,26.1,16.1,6.7,Stormy
2022,2022-05-23,11.9,21.1,8.2,Rainy
2022,2022-05-24,21.6,8.9,19.9,Rainy
2022,2022-05-25,22.0,22.6,11.2,Windy
2022,2022-05-26,28.6,4.2,43.6,Cloudy
2022,2022-05-27,25.6,22.4,1.7,Rainy
2022,2022-05-28,32.9,3.4,43.6,Sunny
2022,2022-05-29,25.6,17.7,28.6,Snowy
2022,2022-05-30,32.7,24.1,27.7,Stormy
2022,2022-05-31,24.7,10.9,18.7,Rainy
2022,2022-06-01,36.1,14.4,6.1,Windy
2022,2022-06-02,37.2,9.2,27.1,Windy
2022,2022-06-03,18.8,18.9,0.5,Snowy
2022,2022-06-04,22.3,22.6,30.8,Cloudy
2022,2022-06-05,11.8,16.9,18.0,Stormy
2022,2022-06-06,22.1,17.6,44.9,Cloudy
2022,2022-06-07,34.8,16.0,37.8,Cloudy
2022,2022-06-08,11.8,6.7,48.2,Snowy
2022,2022-06-09,37.6,21.9,39.8,Sunny
2022,2022-06-10,11.7,5.1,28.4,Rainy
2022,2022-06-11,37.3,24.1,47.8,Sunny
2022,2022-06-12,18.0,14.3,12.6,Sunny
2022,2022-06-13,12.2,15.6,27.5,Rainy
2022,2022-06-14,24.3,18.7,17.2,Snowy
2022,2022-06-15,32.2,8.8,47.9,Snowy
2022,2022-06-16,37.9,17.0,16.1,Snowy
2022,2022-06-17,11.8,14.1,8.6,Snowy
2022,2022-06-18,23.1,23.7,21.8,Cloudy
2022,2022-06-19,33.4,6.4,20.4,Stormy
2022,2022-06-20,36.4,24.3,14.9,Cloudy
2022,2022-06-21,12.0,20.0,13.8,Foggy
2022,2022-06-22,26.6,21.2,12.7,Cloudy
2022,2022-06-23,15.9,16.2,2.5,Rainy
2022,2022-06-24,16.2,3.8,27.3,Foggy
2022,2022-06-25,13.6,10.2,2.6,Snowy
2022,2022-06-26,17.6,22.0,37.1,Windy
2022,2022-06-27,17.3,16.5,26.8,Sunny
2022,2022-06-28,11.4,2.4,22.5,Cloudy
2022,2022-06-29,16.0,10.4,29.0,Rainy
2022,2022-06-30,12.8,6.5,0.6,Windy
2022,2022-07-01,15.9,17.6,35.1,Foggy
2022,2022-07-02,14.4,21.4,26.2,Foggy
2022,2022-07-03,28.0,16.0,12.1,Cloudy
2022,2022-07-04,33.0,14.3,49.4,Cloudy
2022,2022-07-05,23.9,20.9,47.5,Stormy
2022,2022-07-06,13.0,7.2,31.2,Rainy
2022,2022-07-07,10.7,16.1,29.8,Foggy
2022,2022-07-08,23.6,13.9,10.2,Sunny
2022,2022-07-09,17.3,7.6,1.9,Windy
2022,2022-07-10,29.3,21.9,11.8,Windy
2022,2022-07-11,31.4,9.7,21.7,Snowy
2022,2022-07-12,21.0,15.6,2.7,Snowy
2022,2022-07-13,13.8,19.4,27.0,Windy
2022,2022-07-14,17.3,12.5,22.1,Snowy
2022,2022-07-15,32.2,7.3,11.1,Windy
2022,2022-07-16,27.1,24.6,6.4,Snowy
2022,2022-07-17,31.2,22.3,4.4,Stormy
2022,2022-07-18,37.8,7.5,27.8,Cloudy
2022,2022-07-19,38.0,7.9,8.1,Foggy
2022,2022-07-20,38.2,17.8,41.8,Rainy
2022,2022-07-21,27.4,8.3,31.2,Rainy
2022,2022-07-22,11.6,19.6,8.9,Snowy
2022,2022-07-23,32.4,4.0,34.7,Stormy
2022,2022-07-24,33.1,10.8,33.4,Rainy
2022,2022-07-25,32.2,19.3,22.1,Cloudy
2022,2022-07-26,14.9,8.9,11.7,Windy
2022,2022-07-27,29.9,10.3,19.9,Foggy
2022,2022-07-28,23.5,21.6,4.7,Rainy
2022,2022-07-29,17.8,5.4,43.5,Rainy
2022,2022-07-30,28.8,12.3,46.6,Rainy
2022,2022-07-31,29.7,4.9,41.1,Sunny
2022,2022-08-01,22.2,8.3,30.6,Foggy
2022,2022-08-02,35.9,23.1,23.9,Foggy
2022,2022-08-03,20.7,2.8,33.1,Sunny
2022,2022-08-04,34.7,16.1,49.5,Snowy
2022,2022-08-05,10.7,13.3,38.6,Snowy
2022,2022-08-06,10.8,22.4,4.2,Foggy
2022,2022-08-07,16.2,1.7,8.5,Rainy
2022,2022-08-08,31.2,4.1,17.7,Snowy
2022,2022-08-09,27.1,2.5,35.0,Windy
2022,2022-08-10,33.9,16.9,26.6,Snowy
2022,2022-08-11,14.6,18.0,4.2,Windy
2022,2022-08-12,39.0,4.6,12.1,Stormy
2022,2022-08-13,27.4,2.8,9.0,Windy
2022,2022-08-14,20.7,5.0,34.3,Stormy
2022,2022-08-15,32.3,11.5,49.1,Cloudy
2022,2022-08-16,22.7,14.5,40.2,Rainy
2022,2022-08-17,29.8,7.9,36.5,Cloudy
2022,2022-08-18,32.9,11.0,38.6,Sunny
2022,2022-08-19,21.6,3.9,4.9,Sunny
2022,2022-08-20,29.7,6.7,45.1,Rainy
2022,2022-08-21,14.1,24.1,40.4,Snowy
2022,2022-08-22,38.8,1.2,47.4,Windy
2022,2022-08-23,30.4,18.2,36.7,Sunny
2022,2022-08-24,12.6,5.7,4.3,Rainy
2022,2022-08-25,29.4,6.1,37.6,Windy
2022,2022-08-26,14.0,23.0,9.0,Foggy
2022,2022-08-27,33.0,13.1,36.2,Rainy
2022,2022-08-28,17.1,6.0,40.0,Rainy
2022,2022-08-29,35.7,15.5,2.3,Foggy
2022,2022-08-30,33.6,12.6,37.2,Cloudy
2022,2022-08-31,11.0,19.7,42.5,Stormy
2022,2022-09-01,29.1,21.1,42.8,Rainy
2022,2022-09-02,21.7,13.2,35.9,Sunny
2022,2022-09-03,21.9,4.1,19.6,Foggy
2022,2022-09-04,21.4,14.4,30.3,Cloudy
2022,2022-09-05,26.7,8.9,46.4,Foggy
2022,2022-09-06,32.0,7.5,43.9,Windy
2022,2022-09-07,36.3,22.4,7.6,Rainy
2022,2022-09-08,21.5,1.6,6.1,Cloudy
2022,2022-09-09,25.1,10.6,21.5,Windy
2022,2022-09-10,31.8,9.8,20.4,Foggy
2022,2022-09-11,36.1,4.9,23.5,Rainy
2022,2022-09-12,19.0,2.5,37.7,Windy
2022,2022-09-13,35.5,6.8,45.6,Snowy
2022,2022-09-14,17.4,13.4,49.0,Snowy
2022,2022-09-15,33.6,12.9,43.9,Sunny
2022,2022-09-16,33.3,24.9,27.0,Foggy
2022,2022-09-17,27.6,9.0,14.5,Rainy
2022,2022-09-18,24.3,21.7,22.0,Foggy
2022,2022-09-19,23.3,8.0,16.9,Sunny
2022,2022-09-20,27.1,1.5,29.9,Sunny
2022,2022-09-21,18.2,8.9,26.5,Windy
2022,2022-09-22,29.4,22.9,36.5,Foggy
2022,2022-09-23,19.7,11.6,2.0,Snowy
2022,2022-09-24,11.3,13.0,22.4,Snowy
2022,2022-09-25,18.4,8.1,24.2,Stormy
2022,2022-09-26,32.3,4.9,7.9,Foggy
2022,2022-09-27,13.0,12.0,36.6,Sunny
2022,2022-09-28,38.4,21.4,20.0,Rainy
2022,2022-09-29,30.3,13.6,3.5,Snowy
2022,2022-09-30,10.9,18.3,24.2,Cloudy
2022,2022-10-01,33.2,1.5,9.6,Sunny
2022,2022-10-02,23.0,19.2,6.8,Stormy
2022,2022-10-03,27.6,23.1,47.3,Cloudy
2022,2022-10-04,38.6,19.0,30.1,Sunny
2022,2022-10-05,28.7,8.4,34.4,Cloudy
2022,2022-10-06,29.7,7.9,15.7,Stormy
2022,2022-10-07,32.6,22.2,24.1,Foggy
2022,2022-10-08,14.7,23.0,26.4,Snowy
2022,2022-10-09,10.4,11.4,48.6,Cloudy
2022,2022-10-10,26.1,22.8,50.0,Snowy
2022,2022-10-11,30.1,24.4,35.3,Foggy
2022,2022-10-12,31.5,16.8,20.8,Cloudy
2022,2022-10-13,30.0,17.6,26.3,Rainy
2022,2022-10-14,32.2,22.9,34.1,Rainy
2022,2022-10-15,28.4,2.3,15.4,Rainy
2022,2022-10-16,24.6,18.5,6.7,Sunny
2022,2022-10-17,35.2,23.6,5.1,Stormy
2022,2022-10-18,20.2,6.8,25.4,Foggy
2022,2022-10-19,34.8,22.1,35.6,Stormy
2022,2022-10-20,17.4,24.3,0.7,Foggy
2022,2022-10-21,37.2,9.2,46.6,Foggy
2022,2022-10-22,29.0,20.5,6.7,Rainy
2022,2022-10-23,15.7,17.7,15.4,Snowy
2022,2022-10-24,17.5,22.8,5.7,Stormy
2022,2022-10-25,12.5,7.4,22.3,Snowy
2022,2022-10-26,23.5,24.2,4.1,Sunny
2022,2022-10-27,17.3,18.0,23.0,Foggy
2022,2022-10-28,25.1,19.7,46.1,Rainy
2022,2022-10-29,14.0,5.3,29.8,Rainy
2022,2022-10-30,22.5,24.9,11.6,Foggy
2022,2022-10-31,21.2,6.2,44.4,Sunny
2022,2022-11-01,10.7,15.7,39.5,Windy
2022,2022-11-02,27.8,3.3,41.8,Stormy
2022,2022-11-03,37.5,16.1,37.4,Stormy
2022,2022-11-04,21.5,20.9,0.2,Cloudy
2022,2022-11-05,36.3,19.9,10.5,Rainy
2022,2022-11-06,23.5,4.2,22.1,Foggy
2022,2022-11-07,24.9,9.8,28.0,Windy
2022,2022-11-08,36.2,2.8,43.4,Sunny
2022,2022-11-09,23.1,17.9,17.6,Windy
2022,2022-11-10,18.3,9.3,18.1,Stormy
2022,2022-11-11,12.2,14.5,49.6,Windy
2022,2022-11-12,29.2,24.1,2.8,Stormy
2022,2022-11-13,37.3,12.3,41.5,Stormy
2022,2022-11-14,29.6,17.5,23.2,Snowy
2022,2022-11-15,29.3,24.2,22.5,Windy
2022,2022-11-16,10.2,7.0,21.0,Stormy
2022,2022-11-17,12.3,24.5,44.1,Foggy
2022,2022-11-18,27.5,13.9,20.2,Sunny
2022,2022-11-19,24.6,10.4,16.4,Snowy
2022,2022-11-20,39.5,14.4,49.9,Rainy
2022,2022-11-21,17.2,15.5,30.6,Sunny
2022,2022-11-22,31.0,8.3,18.3,Sunny
2022,2022-11-23,14.8,17.7,37.0,Windy
2022,2022-11-24,37.2,11.9,21.4,Sunny
2022,2022-11-25,31.2,5.2,36.2,Sunny
2022,2022-11-26,32.2,4.6,44.7,Cloudy
2022,2022-11-27,21.4,21.1,31.7,Snowy
2022,2022-11-28,11.3,15.5,26.3,Foggy
2022,2022-11-29,18.8,15.4,21.0,Rainy
2022,2022-11-30,28.2,4.1,0.9,Stormy
2022,2022-12-01,21.5,4.5,31.5,Sunny
2022,2022-12-02,16.6,1.5,38.1,Snowy
2022,2022-12-03,23.2,11.4,23.7,Rainy
2022,2022-12-04,30.9,21.4,4.4,Stormy
2022,2022-12-05,31.4,8.7,48.7,Snowy
2022,2022-12-06,39.6,17.3,39.0,Windy
2022,2022-12-07,30.2,7.3,18.8,Rainy
2022,2022-12-08,24.3,3.1,19.7,Rainy
2022,2022-12-09,22.2,2.7,37.3,Stormy
2022,2022-12-10,15.7,1.6,37.0,Sunny
2022,2022-12-11,37.0,7.2,19.6,Sunny
2022,2022-12-12,36.0,20.7,30.0,Snowy
2022,2022-12-13,19.4,19.6,49.4,Sunny
2022,2022-12-14,15.8,18.6,34.1,Cloudy
2022,2022-12-15,31.8,13.4,8.1,Windy
2022,2022-12-16,27.9,17.0,42.9,Windy
2022,2022-12-17,15.0,20.7,42.4,Foggy
2022,2022-12-18,39.0,24.2,26.4,Sunny
2022,2022-12-19,26.4,22.8,0.3,Snowy
2022,2022-12-20,17.8,20.2,42.8,Snowy
2022,2022-12-21,12.9,16.0,49.6,Foggy
2022,2022-12-22,11.7,21.5,15.7,Foggy
2022,2022-12-23,24.4,9.2,13.4,Windy
2022,2022-12-24,10.9,20.1,11.0,Sunny
2022,2022-12-25,15.4,3.1,47.4,Rainy
2022,2022-12-26,11.3,6.4,18.1,Sunny
2022,2022-12-27,28.1,15.8,12.7,Windy
2022,2022-12-28,39.3,6.9,45.2,Windy
2022,2022-12-29,37.4,1.9,5.8,Snowy
2022,2022-12-30,28.4,6.9,10.8,Rainy
2022,2022-12-31,11.8,9.4,13.6,Rainy
2023,2023-01-01,36.0,11.2,38.5,Stormy
2023,2023-01-02,23.3,12.6,23.4,Foggy
2023,2023-01-03,38.4,20.8,15.8,Rainy
2023,2023-01-04,29.5,15.9,33.5,Windy
2023,2023-01-05,35.3,13.1,25.7,Windy
2023,2023-01-06,23.2,9.1,2.5,Snowy
2023,2023-01-07,28.9,17.8,14.0,Foggy
2023,2023-01-08,34.2,10.9,13.8,Cloudy
2023,2023-01-09,25.0,5.7,9.0,Rainy
2023,2023-01-10,31.7,4.2,42.0,Snowy
2023,2023-01-11,16.2,3.9,22.1,Snowy
2023,2023-01-12,28.9,18.7,42.3,Stormy
2023,2023-01-13,31.7,2.9,7.3,Windy
2023,2023-01-14,32.7,12.8,41.2,Foggy
2023,2023-01-15,17.9,21.6,7.7,Rainy
2023,2023-01-16,18.9,24.0,36.0,Snowy
2023,2023-01-17,31.1,24.0,34.6,Sunny
2023,2023-01-18,36.1,23.4,42.9,Sunny
2023,2023-01-19,13.7,13.0,29.8,Sunny
2023,2023-01-20,31.0,21.5,47.0,Windy
2023,2023-01-21,36.5,6.9,35.4,Rainy
2023,2023-01-22,38.6,12.9,45.5,Sunny
2023,2023-01-23,14.6,4.8,33.9,Snowy
2023,2023-01-24,17.7,10.9,44.2,Cloudy
2023,2023-01-25,18.6,11.8,20.8,Windy
2023,2023-01-26,18.8,3.4,0.8,Foggy
2023,2023-01-27,25.8,22.6,42.6,Cloudy
2023,2023-01-28,13.4,11.9,24.5,Cloudy
2023,2023-01-29,20.9,17.1,28.4,Sunny
2023,2023-01-30,17.2,19.2,45.4,Cloudy
2023,2023-01-31,34.8,22.2,42.1,Windy
2023,2023-02-01,17.2,19.1,33.7,Snowy
2023,2023-02-02,11.5,11.3,18.4,Foggy
2023,2023-02-03,37.1,24.3,6.3,Stormy
2023,2023-02-04,37.9,15.9,16.2,Foggy
2023,2023-02-05,17.1,22.8,45.3,Stormy
2023,2023-02-06,30.4,21.8,46.0,Cloudy
2023,2023-02-07,33.8,19.1,18.6,Stormy
2023,2023-02-08,36.4,20.6,39.9,Snowy
2023,2023-02-09,14.3,20.8,4.1,Stormy
2023,2023-02-10,38.9,20.1,40.2,Foggy
2023,2023-02-11,33.3,7.5,37.6,Foggy
2023,2023-02-12,15.2,15.9,48.8,Foggy
2023,2023-02-13,16.2,3.3,21.6,Cloudy
2023,2023-02-14,37.2,13.6,36.7,Cloudy
2023,2023-02-15,12.8,9.5,29.8,Sunny
2023,2023-02-16,17.1,23.1,47.8,Sunny
2023,2023-02-17,35.1,24.7,27.5,Windy
2023,2023-02-18,28.3,24.6,24.6,Cloudy
2023,2023-02-19,39.5,20.9,35.6,Snowy
2023,2023-02-20,17.3,19.9,10.5,Windy
2023,2023-02-21,31.4,22.1,43.9,Windy
2023,2023-02-22,25.3,12.6,27.2,Windy
2023,2023-02-23,31.6,12.8,8.7,Windy
2023,2023-02-24,12.9,23.8,36.3,Sunny
2023,2023-02-25,16.3,11.4,5.7,Snowy
2023,2023-02-26,18.5,16.5,13.9,Sunny
2023,2023-02-27,14.1,6.6,21.3,Sunny
2023,2023-02-28,17.5,6.5,14.8,Snowy
2023,2023-03-01,17.8,19.5,45.8,Windy
2023,2023-03-02,39.8,21.0,18.5,Cloudy
2023,2023-03-03,32.9,24.9,6.8,Windy
2023,2023-03-04,21.5,20.6,14.3,Snowy
2023,2023-03-05,35.2,22.7,22.6,Foggy
2023,2023-03-06,17.0,4.7,15.0,Rainy
2023,2023-03-07,18.9,3.6,6.2,Windy
2023,2023-03-08,32.1,22.2,47.8,Sunny
2023,2023-03-09,25.2,21.1,26.5,Foggy
2023,2023-03-10,19.0,5.4,17.8,Rainy
2023,2023-03-11,11.2,11.2,22.7,Sunny
2023,2023-03-12,13.0,22.2,11.0,Cloudy
2023,2023-03-13,14.0,16.8,22.7,Sunny
2023,2023-03-14,21.1,17.3,5.6,Rainy
2023,2023-03-15,38.7,17.1,16.1,Stormy
2023,2023-03-16,25.8,22.4,26.4,Rainy
2023,2023-03-17,25.0,18.0,26.4,Stormy
2023,2023-03-18,23.9,3.1,44.8,Stormy
2023,2023-03-19,31.3,20.0,32.1,Rainy
2023,2023-03-20,23.9,3.6,17.2,Snowy
2023,2023-03-21,37.1,1.2,9.4,Rainy
2023,2023-03-22,36.9,12.1,15.8,Foggy
2023,2023-03-23,37.6,3.7,17.9,Foggy
2023,2023-03-24,28.8,12.6,22.6,Windy
2023,2023-03-25,15.2,5.7,15.3,Rainy
2023,2023-03-26,13.4,14.7,31.9,Stormy
2023,2023-03-27,24.3,8.9,9.4,Stormy
2023,2023-03-28,15.2,16.7,28.8,Sunny
2023,2023-03-29,20.1,5.0,16.7,Foggy
2023,2023-03-30,33.1,2.6,40.9,Snowy
2023,2023-03-31,24.0,24.5,35.4,Cloudy
2023,2023-04-01,31.3,21.9,41.4,Cloudy
2023,2023-04-02,15.5,3.9,49.6,Snowy
2023,2023-04-03,20.4,14.5,4.0,Snowy
2023,2023-04-04,16.1,8.1,2.9,Sunny
2023,2023-04-05,11.0,16.6,22.1,Sunny
2023,2023-04-06,25.5,24.4,0.3,Cloudy
2023,2023-04-07,10.2,4.8,34.3,Cloudy
2023,2023-04-08,26.7,6.7,41.2,Foggy
2023,2023-04-09,27.6,18.8,12.0,Rainy
2023,2023-04-10,12.2,8.9,24.2,Rainy
2023,2023-04-11,19.0,24.6,46.3,Windy
2023,2023-04-12,13.2,6.0,36.1,Foggy
2023,2023-04-13,32.9,4.3,49.7,Foggy
2023,2023-04-14,15.9,19.8,42.6,Sunny
2023,2023-04-15,27.5,9.5,20.4,Snowy
2023,2023-04-16,11.4,2.1,44.4,Cloudy
2023,2023-04-17,23.8,1.0,26.4,Sunny
2023,2023-04-18,32.0,19.1,20.1,Windy
2023,2023-04-19,35.4,22.4,4.5,Foggy
2023,2023-04-20,31.7,6.8,28.6,Sunny
2023,2023-04-21,25.0,6.6,31.8,Foggy
2023,2023-04-22,38.8,14.7,5.5,Snowy
2023,2023-04-23,34.2,6.0,30.3,Snowy
2023,2023-04-24,18.4,20.0,21.7,Sunny
2023,2023-04-25,29.9,14.3,7.9,Stormy
2023,2023-04-26,16.8,3.4,28.2,Stormy
2023,2023-04-27,21.3,1.1,20.3,Rainy
2023,2023-04-28,21.6,20.5,16.7,Cloudy
2023,2023-04-29,15.0,6.7,42.0,Snowy
2023,2023-04-30,19.2,22.5,28.8,Stormy
2023,2023-05-01,18.2,2.5,47.4,Foggy
2023,2023-05-02,33.9,13.5,32.5,Snowy
2023,2023-05-03,22.9,13.6,48.3,Stormy
2023,2023-05-04,25.2,11.4,9.5,Stormy
2023,2023-05-05,12.1,17.7,32.0,Snowy
2023,2023-05-06,29.7,19.9,41.8,Snowy
2023,2023-05-07,13.3,22.3,44.5,Rainy
2023,2023-05-08,39.8,17.7,39.0,Foggy
2023,2023-05-09,20.8,24.6,38.7,Snowy
2023,2023-05-10,33.2,15.7,20.9,Windy
2023,2023-05-11,35.0,7.0,12.2,Snowy
2023,2023-05-12,27.7,7.3,49.1,Stormy
2023,2023-05-13,38.1,23.4,35.1,Snowy
2023,2023-05-14,10.9,9.6,11.6,Foggy
2023,2023-05-15,19.3,20.7,18.9,Windy
2023,2023-05-16,36.2,21.6,41.3,Windy
2023,2023-05-17,33.0,3.9,42.8,Stormy
2023,2023-05-18,12.7,12.9,36.7,Sunny
2023,2023-05-19,29.2,1.9,26.8,Foggy
2023,2023-05-20,24.0,15.9,41.0,Windy
2023,2023-05-21,33.3,1.6,31.3,Foggy
2023,2023-05-22,15.1,18.1,41.2,Snowy
2023,2023-05-23,11.3,12.2,2.9,Sunny
2023,2023-05-24,16.9,22.6,19.2,Sunny
2023,2023-05-25,22.9,3.4,9.3,Snowy
2023,2023-05-26,18.7,8.5,8.6,Stormy
2023,2023-05-27,30.4,15.2,23.9,Sunny
2023,2023-05-28,24.7,6.8,8.6,Rainy
2023,2023-05-29,17.8,7.8,36.2,Foggy
2023,2023-05-30,31.7,18.3,40.2,Snowy
2023,2023-05-31,25.9,1.8,11.2,Cloudy
2023,2023-06-01,36.7,16.6,21.4,Stormy
2023,2023-06-02,35.7,7.5,28.8,Stormy
2023,2023-06-03,24.5,12.5,44.1,Sunny
2023,2023-06-04,23.2,21.8,48.8,Stormy
2023,2023-06-05,39.3,21.0,6.4,Snowy
2023,2023-06-06,18.2,3.1,39.9,Cloudy
2023,2023-06-07,36.9,21.0,33.5,Rainy
2023,2023-06-08,23.3,1.9,25.9,Windy
2023,2023-06-09,38.7,11.7,30.9,Sunny
2023,2023-06-10,19.0,1.3,26.2,Stormy
2023,2023-06-11,22.5,4.6,49.2,Sunny
2023,2023-06-12,27.6,6.3,45.1,Rainy
2023,2023-06-13,22.1,8.0,14.6,Snowy
2023,2023-06-14,15.0,7.1,27.6,Rainy
2023,2023-06-15,26.0,17.5,45.3,Sunny
2023,2023-06-16,19.1,7.5,37.0,Stormy
2023,2023-06-17,13.1,9.6,19.4,Snowy
2023,2023-06-18,10.9,6.9,26.8,Stormy
2023,2023-06-19,20.1,7.1,29.1,Snowy
2023,2023-06-20,25.8,10.0,12.1,Windy
2023,2023-06-21,16.6,21.1,39.0,Snowy
2023,2023-06-22,16.8,1.5,46.2,Snowy
2023,2023-06-23,25.9,10.4,28.0,Snowy
2023,2023-06-24,14.8,8.4,12.2,Sunny
2023,2023-06-25,10.9,16.6,0.7,Sunny
2023,2023-06-26,36.2,2.9,5.6,Foggy
2023,2023-06-27,35.6,24.1,13.3,Windy
2023,2023-06-28,25.6,23.4,1.0,Stormy
2023,2023-06-29,31.2,11.2,45.7,Cloudy
2023,2023-06-30,18.6,24.3,27.7,Sunny
2023,2023-07-01,27.4,10.9,44.7,Stormy
2023,2023-07-02,13.2,20.2,41.6,Rainy
2023,2023-07-03,31.5,8.3,26.5,Stormy
2023,2023-07-04,32.2,20.0,49.7,Rainy
2023,2023-07-05,25.9,17.5,46.3,Sunny
2023,2023-07-06,20.8,14.3,35.6,Stormy
2023,2023-07-07,25.2,19.1,5.3,Stormy
2023,2023-07-08,36.8,17.9,20.8,Windy
2023,2023-07-09,13.6,2.4,47.3,Sunny
2023,2023-07-10,24.6,15.5,15.7,Windy
2023,2023-07-11,15.7,3.9,31.7,Foggy
2023,2023-07-12,29.0,20.9,5.3,Sunny
2023,2023-07-13,38.2,4.9,19.0,Rainy
2023,2023-07-14,11.1,24.5,45.4,Cloudy
2023,2023-07-15,22.8,19.5,26.7,Stormy
2023,2023-07-16,38.2,1.7,6.1,Sunny
2023,2023-07-17,33.8,10.2,17.8,Stormy
2023,2023-07-18,19.1,8.7,29.7,Snowy
2023,2023-07-19,25.8,17.2,2.2,Rainy
2023,2023-07-20,20.9,4.2,38.4,Rainy
2023,2023-07-21,33.0,8.5,19.8,Windy
2023,2023-07-22,13.1,17.9,9.0,Stormy
2023,2023-07-23,36.7,5.0,19.1,Stormy
2023,2023-07-24,20.5,3.8,44.3,Foggy
2023,2023-07-25,31.3,21.5,40.9,Rainy
2023,2023-07-26,36.7,13.2,20.1,Sunny
2023,2023-07-27,10.3,15.1,23.2,Cloudy
2023,2023-07-28,38.2,12.6,46.3,Foggy
2023,2023-07-29,24.8,17.1,14.7,Rainy
2023,2023-07-30,35.7,25.0,33.3,Snowy
2023,2023-07-31,10.3,13.9,6.1,Sunny
2023,2023-08-01,34.0,19.9,43.6,Snowy
2023,2023-08-02,29.8,13.1,49.3,Windy
2023,2023-08-03,37.0,18.8,35.7,Stormy
2023,2023-08-04,16.7,21.5,9.1,Snowy
2023,2023-08-05,23.5,9.3,17.8,Stormy
2023,2023-08-06,26.9,22.6,0.7,Snowy
2023,2023-08-07,11.0,10.2,18.4,Cloudy
2023,2023-08-08,16.2,11.3,24.6,Stormy
2023,2023-08-09,10.9,9.9,45.1,Foggy
2023,2023-08-10,29.7,24.3,12.7,Sunny
2023,2023-08-11,12.2,4.5,21.4,Rainy
2023,2023-08-12,20.3,4.5,27.3,Sunny
2023,2023-08-13,14.5,9.1,11.9,Snowy
2023,2023-08-14,11.7,8.7,16.6,Snowy
2023,2023-08-15,34.4,9.9,22.3,Foggy
2023,2023-08-16,25.4,6.5,35.3,Foggy
2023,2023-08-17,20.1,16.5,3.9,Stormy
2023,2023-08-18,13.2,21.6,25.2,Rainy
2023,2023-08-19,17.5,18.6,25.4,Stormy
2023,2023-08-20,11.9,15.3,5.8,Stormy
2023,2023-08-21,23.4,24.0,25.9,Rainy
2023,2023-08-22,23.9,23.9,38.6,Foggy
2023,2023-08-23,15.6,21.4,7.9,Rainy
2023,2023-08-24,31.7,11.8,43.4,Rainy
2023,2023-08-25,25.4,8.2,39.2,Stormy
2023,2023-08-26,14.5,22.1,41.6,Foggy
2023,2023-08-27,18.8,15.6,43.2,Windy
2023,2023-08-28,36.8,17.6,42.8,Sunny
2023,2023-08-29,39.8,12.1,19.9,Rainy
2023,2023-08-30,10.0,8.4,48.9,Stormy
2023,2023-08-31,11.8,11.9,37.7,Cloudy
2023,2023-09-01,15.6,19.0,7.3,Foggy
2023,2023-09-02,27.9,11.9,10.0,Sunny
2023,2023-09-03,11.3,18.8,8.3,Sunny
2023,2023-09-04,39.5,8.6,49.3,Stormy
2023,2023-09-05,27.4,7.7,6.1,Snowy
2023,2023-09-06,33.8,20.7,12.0,Snowy
2023,2023-09-07,34.6,1.1,10.2,Sunny
2023,2023-09-08,25.7,5.8,4.5,Snowy
2023,2023-09-09,14.2,18.7,4.7,Foggy
2023,2023-09-10,39.9,24.9,25.0,Windy
2023,2023-09-11,14.1,23.8,49.4,Snowy
2023,2023-09-12,27.8,15.8,1.1,Foggy
2023,2023-09-13,14.5,13.0,39.6,Cloudy
2023,2023-09-14,10.3,3.4,34.8,Windy
2023,2023-09-15,14.1,17.4,34.4,Cloudy
2023,2023-09-16,16.9,19.2,34.9,Windy
2023,2023-09-17,12.6,6.7,10.7,Windy
2023,2023-09-18,14.7,10.3,42.7,Rainy
2023,2023-09-19,19.7,6.7,16.4,Sunny
2023,2023-09-20,26.8,25.0,27.0,Cloudy
2023,2023-09-21,26.9,14.9,28.7,Snowy
2023,2023-09-22,13.5,22.5,43.5,Rainy
2023,2023-09-23,24.2,21.8,20.9,Foggy
2023,2023-09-24,30.8,3.5,18.2,Snowy
2023,2023-09-25,38.6,16.4,21.8,Sunny
2023,2023-09-26,20.5,6.9,2.2,Rainy
2023,2023-09-27,38.5,14.0,31.8,Cloudy
2023,2023-09-28,14.2,24.6,16.4,Rainy
2023,2023-09-29,37.4,22.9,41.3,Sunny
2023,2023-09-30,32.1,22.0,5.4,Snowy
2023,2023-10-01,33.2,22.8,41.0,Foggy
2023,2023-10-02,17.1,11.3,1.8,Foggy
2023,2023-10-03,11.8,21.2,26.9,Cloudy
2023,2023-10-04,37.8,21.6,31.4,Stormy
2023,2023-10-05,39.9,3.1,44.1,Snowy
2023,2023-10-06,18.5,12.6,23.2,Foggy
2023,2023-10-07,19.7,18.5,41.3,Cloudy
2023,2023-10-08,11.6,7.6,30.2,Windy
2023,2023-10-09,12.8,13.0,47.1,Foggy
2023,2023-10-10,12.1,20.3,45.9,Foggy
2023,2023-10-11,28.0,24.9,6.2,Cloudy
2023,2023-10-12,31.1,6.3,23.9,Stormy
2023,2023-10-13,28.2,13.2,12.4,Sunny
2023,2023-10-14,26.6,12.8,0.1,Cloudy
2023,2023-10-15,34.2,10.8,3.7,Stormy
2023,2023-10-16,31.1,14.8,24.5,Sunny
2023,2023-10-17,38.3,24.2,27.2,Snowy
2023,2023-10-18,11.5,2.6,20.5,Foggy
2023,2023-10-19,24.4,2.3,16.9,Cloudy
2023,2023-10-20,29.2,12.6,36.2,Snowy
2023,2023-10-21,24.1,6.5,29.7,Sunny
2023,2023-10-22,39.9,12.9,2.4,Windy
2023,2023-10-23,22.4,18.2,35.6,Stormy
2023,2023-10-24,35.3,10.8,7.9,Windy
2023,2023-10-25,33.4,11.8,20.1,Foggy
2023,2023-10-26,22.4,21.7,14.5,Rainy
2023,2023-10-27,33.6,20.2,36.6,Foggy
2023,2023-10-28,20.9,19.6,37.0,Stormy
2023,2023-10-29,22.9,2.7,37.1,Rainy
2023,2023-10-30,38.5,13.4,9.8,Sunny
2023,2023-10-31,18.4,10.8,8.3,Rainy
2023,2023-11-01,11.4,2.5,18.3,Stormy
2023,2023-11-02,22.6,17.3,41.2,Sunny
2023,2023-11-03,10.8,22.4,41.9,Windy
2023,2023-11-04,22.0,16.9,46.0,Sunny
2023,2023-11-05,18.5,20.2,37.7,Sunny
2023,2023-11-06,27.2,20.3,10.5,Stormy
2023,2023-11-07,11.8,11.4,33.0,Sunny
2023,2023-11-08,37.8,9.8,21.3,Cloudy
2023,2023-11-09,30.0,17.0,37.5,Cloudy
2023,2023-11-10,27.9,2.0,34.4,Sunny
2023,2023-11-11,31.5,9.7,22.5,Sunny
2023,2023-11-12,24.5,11.8,24.3,Windy
2023,2023-11-13,25.8,4.7,31.2,Windy
2023,2023-11-14,16.0,24.5,0.5,Sunny
2023,2023-11-15,22.0,7.7,35.0,Cloudy
2023,2023-11-16,10.1,14.1,35.1,Foggy
2023,2023-11-17,13.7,20.5,9.7,Windy
2023,2023-11-18,16.6,21.9,26.8,Windy
2023,2023-11-19,28.6,9.2,12.9,Sunny
2023,2023-11-20,16.6,20.9,14.8,Sunny
2023,2023-11-21,33.8,20.4,22.8,Foggy
2023,2023-11-22,12.8,22.1,21.9,Windy
2023,2023-11-23,26.1,24.3,18.5,Rainy
2023,2023-11-24,15.2,13.6,1.1,Foggy
2023,2023-11-25,17.7,17.6,48.5,Rainy
2023,2023-11-26,16.3,22.6,40.5,Foggy
2023,2023-11-27,36.3,16.2,12.0,Stormy
2023,2023-11-28,18.9,24.1,39.9,Sunny
2023,2023-11-29,22.3,19.7,5.8,Snowy
2023,2023-11-30,31.0,12.3,18.3,Cloudy
2023,2023-12-01,14.5,24.4,1.5,Foggy
2023,2023-12-02,13.1,21.2,45.1,Sunny
2023,2023-12-03,31.7,15.1,7.2,Windy
2023,2023-12-04,13.0,6.8,45.5,Stormy
2023,2023-12-05,16.3,15.3,10.8,Stormy
2023,2023-12-06,30.4,14.7,18.6,Stormy
2023,2023-12-07,27.1,4.6,49.1,Foggy
2023,2023-12-08,19.8,10.9,47.4,Cloudy
2023,2023-12-09,15.0,21.3,49.2,Windy
2023,2023-12-10,39.7,17.9,26.6,Sunny
2023,2023-12-11,28.7,16.8,48.6,Stormy
2023,2023-12-12,24.2,11.4,43.2,Rainy
2023,2023-12-13,26.8,7.1,45.4,Stormy
2023,2023-12-14,10.9,6.5,38.8,Stormy
2023,2023-12-15,27.9,9.1,35.1,Rainy
2023,2023-12-16,31.5,6.6,22.1,Foggy
2023,2023-12-17,22.1,5.9,40.9,Sunny
2023,2023-12-18,36.2,1.5,12.1,Stormy
2023,2023-12-19,15.8,16.2,42.3,Windy
2023,2023-12-20,14.1,24.7,26.8,Snowy
2023,2023-12-21,29.6,4.7,40.4,Stormy
2023,2023-12-22,32.0,23.0,34.7,Rainy
2023,2023-12-23,33.4,22.9,7.9,Snowy
2023,2023-12-24,27.5,2.0,47.0,Foggy
2023,2023-12-25,16.2,1.1,17.5,Cloudy
2023,2023-12-26,25.3,2.3,3.7,Sunny
2023,2023-12-27,13.2,7.2,10.7,Snowy
2023,2023-12-28,17.9,4.6,48.2,Stormy
2023,2023-12-29,10.6,16.2,45.0,Rainy
2023,2023-12-30,34.4,5.7,2.6,Snowy
2023,2023-12-31,11.4,12.7,21.0,Stormy
2024,2024-01-01,24.6,6.7,40.9,Foggy
2024,2024-01-02,34.5,16.6,6.7,Stormy
2024,2024-01-03,27.6,9.6,46.4,Foggy
2024,2024-01-04,25.7,13.8,43.7,Rainy
2024,2024-01-05,30.9,18.9,37.8,Windy
2024,2024-01-06,24.8,19.3,9.3,Snowy
2024,2024-01-07,35.0,22.4,33.7,Foggy
2024,2024-01-08,30.0,11.1,27.4,Windy
2024,2024-01-09,15.7,9.7,5.4,Sunny
2024,2024-01-10,11.7,2.8,22.9,Cloudy
2024,2024-01-11,22.0,12.7,9.7,Rainy
2024,2024-01-12,24.9,7.0,21.8,Snowy
2024,2024-01-13,23.0,11.7,43.7,Cloudy
2024,2024-01-14,20.4,5.3,15.1,Foggy
2024,2024-01-15,37.2,15.6,40.4,Foggy
2024,2024-01-16,32.8,23.3,14.3,Snowy
2024,2024-01-17,25.3,23.4,10.7,Snowy
2024,2024-01-18,29.4,4.5,33.0,Sunny
2024,2024-01-19,27.9,4.2,28.7,Windy
2024,2024-01-20,25.7,18.5,12.8,Cloudy
2024,2024-01-21,18.4,5.3,28.5,Sunny
2024,2024-01-22,18.3,10.8,19.1,Cloudy
2024,2024-01-23,23.6,15.7,18.7,Foggy
2024,2024-01-24,17.7,17.7,37.5,Sunny
2024,2024-01-25,16.8,5.9,34.7,Snowy
2024,2024-01-26,11.4,7.8,7.9,Stormy
2024,2024-01-27,37.0,18.0,7.4,Rainy
2024,2024-01-28,13.4,16.7,25.5,Snowy
2024,2024-01-29,12.4,23.1,44.8,Stormy
2024,2024-01-30,36.0,9.4,5.1,Sunny
2024,2024-01-31,25.3,3.1,22.6,Cloudy
2024,2024-02-01,10.3,23.1,15.5,Foggy
2024,2024-02-02,39.6,14.8,17.5,Sunny
2024,2024-02-03,28.6,6.3,47.8,Snowy
2024,2024-02-04,24.5,24.9,25.0,Cloudy
2024,2024-02-05,16.8,2.6,39.7,Snowy
2024,2024-02-06,28.0,24.2,25.0,Rainy
2024,2024-02-07,27.5,6.8,36.8,Stormy
2024,2024-02-08,33.6,14.2,43.7,Windy
2024,2024-02-09,11.9,24.7,2.2,Windy
2024,2024-02-10,33.2,13.7,34.7,Windy
2024,2024-02-11,39.4,19.8,4.0,Sunny
2024,2024-02-12,15.6,22.8,26.2,Rainy
2024,2024-02-13,30.3,15.1,10.1,Stormy
2024,2024-02-14,26.7,2.1,34.0,Foggy
2024,2024-02-15,17.2,17.0,40.6,Rainy
2024,2024-02-16,10.8,13.4,16.9,Windy
2024,2024-02-17,38.9,6.2,20.3,Rainy
2024,2024-02-18,16.7,15.3,5.9,Cloudy
2024,2024-02-19,13.4,18.2,48.8,Cloudy
2024,2024-02-20,17.0,5.7,16.2,Cloudy
2024,2024-02-21,33.8,17.9,8.4,Foggy
2024,2024-02-22,19.1,11.5,17.9,Rainy
2024,2024-02-23,38.8,22.1,13.6,Cloudy
2024,2024-02-24,38.9,14.7,27.4,Sunny
2024,2024-02-25,25.9,20.9,6.5,Cloudy
2024,2024-02-26,37.4,3.9,10.3,Windy
2024,2024-02-27,20.8,20.9,31.9,Rainy
2024,2024-02-28,11.8,3.4,26.0,Rainy
2024,2024-02-29,12.4,15.6,36.9,Cloudy
2024,2024-03-01,31.6,22.9,27.3,Rainy
2024,2024-03-02,21.2,18.2,30.5,Foggy
2024,2024-03-03,38.9,15.9,29.1,Foggy
2024,2024-03-04,30.5,14.6,24.2,Snowy
2024,2024-03-05,11.6,15.4,30.0,Snowy
2024,2024-03-06,10.0,5.8,37.5,Snowy
2024,2024-03-07,34.7,14.9,34.5,Foggy
2024,2024-03-08,13.0,2.5,24.9,Rainy
2024,2024-03-09,30.6,2.3,27.7,Rainy
2024,2024-03-10,20.1,20.4,44.6,Cloudy
2024,2024-03-11,13.0,10.1,16.4,Foggy
2024,2024-03-12,18.3,9.7,29.4,Sunny
2024,2024-03-13,22.8,23.6,38.8,Snowy
2024,2024-03-14,32.3,22.5,27.7,Cloudy
2024,2024-03-15,32.9,1.0,42.1,Rainy
2024,2024-03-16,16.9,17.0,46.0,Windy
2024,2024-03-17,13.4,13.7,34.9,Stormy
2024,2024-03-18,10.5,22.6,32.0,Foggy
2024,2024-03-19,23.7,6.4,39.9,Cloudy
2024,2024-03-20,39.1,8.8,19.6,Windy
2024,2024-03-21,18.2,17.2,32.9,Cloudy
2024,2024-03-22,18.9,10.3,37.2,Snowy
2024,2024-03-23,30.0,8.6,47.1,Foggy
2024,2024-03-24,25.3,1.2,44.6,Foggy
2024,2024-03-25,11.9,14.2,27.6,Foggy
2024,2024-03-26,16.9,1.3,9.0,Rainy
2024,2024-03-27,14.4,10.4,42.6,Foggy
2024,2024-03-28,15.5,3.8,29.2,Cloudy
2024,2024-03-29,31.6,8.8,28.0,Stormy
2024,2024-03-30,30.6,7.3,36.4,Cloudy
2024,2024-03-31,26.4,22.5,25.6,Windy
2024,2024-04-01,31.6,20.5,7.7,Stormy
2024,2024-04-02,36.4,21.4,48.8,Cloudy
2024,2024-04-03,19.1,14.7,2.8,Cloudy
2024,2024-04-04,29.6,12.0,20.5,Foggy
2024,2024-04-05,17.9,23.9,19.5,Windy
2024,2024-04-06,32.7,10.8,8.3,Stormy
2024,2024-04-07,38.5,17.1,25.4,Snowy
2024,2024-04-08,27.2,23.8,29.5,Foggy
2024,2024-04-09,19.5,17.4,10.0,Cloudy
2024,2024-04-10,32.1,3.1,4.7,Foggy
2024,2024-04-11,35.6,16.5,10.0,Stormy
2024,2024-04-12,25.6,16.1,12.0,Foggy
2024,2024-04-13,34.5,8.9,49.5,Stormy
2024,2024-04-14,14.1,5.8,18.9,Sunny
2024,2024-04-15,29.1,5.2,48.7,Cloudy
2024,2024-04-16,24.2,21.1,43.1,Snowy
2024,2024-04-17,31.4,10.9,25.8,Cloudy
2024,2024-04-18,21.5,11.0,7.3,Cloudy
2024,2024-04-19,27.5,6.8,27.9,Rainy
2024,2024-04-20,20.2,6.2,11.7,Windy
2024,2024-04-21,29.7,22.1,3.7,Rainy
2024,2024-04-22,17.8,5.6,23.4,Stormy
2024,2024-04-23,10.2,18.1,48.9,Rainy
2024,2024-04-24,20.0,15.9,42.5,Snowy
2024,2024-04-25,33.3,7.6,28.5,Stormy
2024,2024-04-26,27.3,3.3,21.1,Cloudy
2024,2024-04-27,39.4,4.9,29.5,Windy
2024,2024-04-28,33.0,21.4,31.8,Snowy
2024,2024-04-29,10.8,15.2,49.0,Cloudy
2024,2024-04-30,28.9,8.4,9.4,Windy
2024,2024-05-01,21.4,2.1,37.8,Foggy
2024,2024-05-02,39.9,6.0,25.5,Cloudy
2024,2024-05-03,11.4,23.8,21.8,Sunny
2024,2024-05-04,17.4,5.7,23.7,Cloudy
2024,2024-05-05,17.0,8.6,6.6,Stormy
2024,2024-05-06,12.9,4.4,47.0,Stormy
2024,2024-05-07,30.5,13.8,13.7,Windy
2024,2024-05-08,26.3,18.7,28.1,Windy
2024,2024-05-09,11.7,5.4,11.9,Stormy
2024,2024-05-10,22.9,1.4,33.8,Cloudy
2024,2024-05-11,13.5,19.7,0.2,Snowy
2024,2024-05-12,24.6,4.6,49.0,Windy
2024,2024-05-13,27.0,24.2,0.3,Foggy
2024,2024-05-14,38.9,9.1,42.5,Foggy
2024,2024-05-15,35.7,18.6,49.7,Rainy
2024,2024-05-16,22.5,19.5,20.2,Sunny
2024,2024-05-17,26.1,24.7,8.9,Windy
2024,2024-05-18,20.6,4.1,7.8,Windy
2024,2024-05-19,16.4,22.5,6.1,Foggy
2024,2024-05-20,11.7,12.9,2.1,Stormy
2024,2024-05-21,14.7,23.0,39.6,Snowy
2024,2024-05-22,13.9,16.1,1.6,Cloudy
2024,2024-05-23,36.1,20.2,40.3,Snowy
2024,2024-05-24,25.7,19.9,45.2,Cloudy
2024,2024-05-25,14.1,4.3,32.6,Sunny
2024,2024-05-26,39.3,5.6,7.6,Snowy
2024,2024-05-27,30.9,13.1,34.1,Foggy
2024,2024-05-28,17.0,4.8,23.9,Sunny
2024,2024-05-29,14.0,8.3,12.3,Windy
2024,2024-05-30,18.1,9.7,5.3,Cloudy
2024,2024-05-31,24.6,22.7,38.6,Sunny
2024,2024-06-01,39.0,21.9,0.1,Sunny
2024,2024-06-02,12.7,14.7,40.4,Stormy
2024,2024-06-03,24.9,3.6,26.8,Rainy
2024,2024-06-04,35.0,3.8,15.3,Stormy
2024,2024-06-05,33.4,7.4,36.1,Snowy
2024,2024-06-06,22.0,8.6,18.4,Windy
2024,2024-06-07,38.8,11.6,38.6,Cloudy
2024,2024-06-08,16.7,1.9,11.7,Snowy
2024,2024-06-09,12.2,10.1,36.8,Windy
2024,2024-06-10,23.2,2.7,29.5,Windy
2024,2024-06-11,19.1,20.6,25.4,Windy
2024,2024-06-12,35.4,24.6,36.4,Snowy
2024,2024-06-13,20.3,5.4,20.0,Snowy
2024,2024-06-14,15.4,7.5,44.8,Rainy
2024,2024-06-15,24.2,19.5,19.7,Rainy
2024,2024-06-16,22.9,23.9,48.7,Sunny
2024,2024-06-17,32.7,5.1,9.8,Cloudy
2024,2024-06-18,25.1,19.7,35.4,Cloudy
2024,2024-06-19,38.9,22.7,12.6,Stormy
2024,2024-06-20,18.9,5.5,22.9,Sunny
2024,2024-06-21,39.5,19.4,8.7,Snowy
2024,2024-06-22,12.8,5.4,49.1,Cloudy
2024,2024-06-23,16.4,10.4,7.0,Cloudy
2024,2024-06-24,19.5,2.2,20.7,Sunny
2024,2024-06-25,36.1,4.5,28.5,Foggy
2024,2024-06-26,26.3,7.9,1.9,Foggy
2024,2024-06-27,36.5,3.7,1.8,Stormy
2024,2024-06-28,16.1,21.9,0.3,Cloudy
2024,2024-06-29,30.3,18.5,14.1,Windy
2024,2024-06-30,27.9,5.9,10.7,Sunny
2024,2024-07-01,20.0,10.3,37.2,Sunny
2024,2024-07-02,22.6,23.3,43.9,Cloudy
2024,2024-07-03,18.4,7.5,18.2,Foggy
2024,2024-07-04,17.2,3.0,17.7,Windy
2024,2024-07-05,28.7,20.9,15.6,Snowy
2024,2024-07-06,15.0,10.7,39.3,Stormy
2024,2024-07-07,29.2,4.6,23.3,Stormy
2024,2024-07-08,14.3,1.6,20.6,Stormy
2024,2024-07-09,23.7,16.1,38.1,Windy
2024,2024-07-10,23.3,19.1,33.5,Snowy
2024,2024-07-11,27.9,6.7,16.1,Foggy
2024,2024-07-12,30.8,12.0,11.3,Snowy
2024,2024-07-13,14.9,11.2,17.5,Rainy
2024,2024-07-14,13.1,5.6,3.7,Windy
2024,2024-07-15,10.0,20.8,13.8,Foggy
2024,2024-07-16,10.5,15.1,10.0,Windy
2024,2024-07-17,32.5,24.8,1.5,Rainy
2024,2024-07-18,19.5,14.1,32.8,Windy
2024,2024-07-19,38.0,14.2,7.9,Sunny
2024,2024-07-20,13.5,13.0,3.3,Snowy
2024,2024-07-21,10.6,9.8,1.6,Cloudy
2024,2024-07-22,15.9,13.6,2.6,Snowy
2024,2024-07-23,37.7,16.0,5.2,Windy
2024,2024-07-24,25.6,23.5,2.2,Cloudy
2024,2024-07-25,30.8,23.2,42.7,Rainy
2024,2024-07-26,13.3,3.5,41.5,Cloudy
2024,2024-07-27,28.9,8.3,41.4,Sunny
2024,2024-07-28,23.1,15.2,6.7,Foggy
2024,2024-07-29,17.7,2.6,25.7,Windy
2024,2024-07-30,11.2,17.2,14.3,Sunny
2024,2024-07-31,24.1,18.2,42.2,Sunny
2024,2024-08-01,12.7,20.4,46.4,Windy
2024,2024-08-02,12.9,3.8,1.9,Cloudy
2024,2024-08-03,33.8,1.3,39.9,Snowy
2024,2024-08-04,17.7,2.4,35.7,Foggy
2024,2024-08-05,17.6,21.3,46.4,Sunny
2024,2024-08-06,20.2,9.2,46.1,Sunny
2024,2024-08-07,13.3,3.2,45.1,Cloudy
2024,2024-08-08,33.8,21.9,15.4,Cloudy
2024,2024-08-09,15.0,19.6,1.4,Cloudy
2024,2024-08-10,12.1,7.8,12.6,Stormy
2024,2024-08-11,14.5,6.3,29.5,Stormy
2024,2024-08-12,39.0,11.4,13.6,Snowy
2024,2024-08-13,10.5,24.3,27.9,Sunny
2024,2024-08-14,27.7,11.3,19.5,Sunny
2024,2024-08-15,18.1,18.8,25.8,Stormy
2024,2024-08-16,20.7,23.0,28.3,Rainy
2024,2024-08-17,12.0,20.0,36.2,Stormy
2024,2024-08-18,32.3,7.9,20.9,Rainy
2024,2024-08-19,18.0,1.2,18.6,Snowy
2024,2024-08-20,15.1,3.4,32.0,Cloudy
2024,2024-08-21,21.4,7.6,15.9,Cloudy
2024,2024-08-22,23.5,12.3,12.6,Sunny
2024,2024-08-23,16.5,12.9,43.8,Snowy
2024,2024-08-24,37.3,4.4,22.8,Cloudy
2024,2024-08-25,26.5,5.1,7.0,Rainy
2024,2024-08-26,14.5,16.9,17.2,Cloudy
2024,2024-08-27,13.3,9.2,38.2,Sunny
2024,2024-08-28,37.3,19.8,5.7,Cloudy
2024,2024-08-29,14.1,19.5,13.5,Cloudy
2024,2024-08-30,20.6,24.5,26.9,Stormy
2024,2024-08-31,25.2,23.4,0.9,Windy
2024,2024-09-01,17.2,15.2,44.0,Rainy
2024,2024-09-02,15.2,6.4,26.3,Rainy
2024,2024-09-03,37.9,8.1,45.3,Rainy
2024,2024-09-04,27.3,8.8,16.0,Windy
2024,2024-09-05,38.1,7.0,47.4,Foggy
2024,2024-09-06,16.3,12.9,34.0,Windy
2024,2024-09-07,15.5,18.4,15.5,Stormy
2024,2024-09-08,19.2,13.2,7.0,Sunny
2024,2024-09-09,37.5,4.1,44.3,Rainy
2024,2024-09-10,25.4,6.4,16.8,Windy
2024,2024-09-11,38.6,17.0,44.5,Windy
2024,2024-09-12,32.5,7.6,15.0,Snowy
2024,2024-09-13,35.3,1.6,7.4,Stormy
2024,2024-09-14,15.1,5.3,37.6,Cloudy
2024,2024-09-15,38.0,16.0,7.6,Snowy
2024,2024-09-16,28.8,20.1,49.3,Sunny
2024,2024-09-17,39.8,22.9,26.0,Cloudy
2024,2024-09-18,37.1,24.6,41.6,Rainy
2024,2024-09-19,12.3,17.3,12.6,Stormy
2024,2024-09-20,29.7,10.3,36.2,Windy
2024,2024-09-21,26.6,23.0,27.6,Sunny
2024,2024-09-22,34.5,16.3,1.0,Windy
2024,2024-09-23,25.1,9.2,46.5,Windy
2024,2024-09-24,26.2,22.7,33.0,Stormy
2024,2024-09-25,32.0,5.8,24.5,Rainy
2024,2024-09-26,18.1,6.9,34.0,Cloudy
2024,2024-09-27,16.6,9.1,29.8,Stormy
2024,2024-09-28,27.3,17.3,4.5,Foggy
2024,2024-09-29,28.8,14.0,7.6,Rainy
2024,2024-09-30,36.4,23.1,45.5,Cloudy
2024,2024-10-01,18.5,10.5,10.2,Snowy
2024,2024-10-02,18.3,12.8,35.1,Stormy
2024,2024-10-03,20.8,15.7,19.0,Snowy
2024,2024-10-04,37.7,11.4,32.3,Foggy
2024,2024-10-05,14.2,17.0,28.2,Cloudy
2024,2024-10-06,20.2,20.4,35.8,Stormy
2024,2024-10-07,12.2,9.5,15.6,Windy
2024,2024-10-08,39.9,13.7,23.6,Cloudy
2024,2024-10-09,31.0,21.4,31.4,Snowy
2024,2024-10-10,17.4,9.2,49.6,Foggy
2024,2024-10-11,33.9,14.3,15.0,Sunny
2024,2024-10-12,17.5,7.6,25.9,Windy
2024,2024-10-13,21.6,17.2,2.3,Windy
2024,2024-10-14,35.8,20.1,49.4,Rainy
2024,2024-10-15,33.2,4.7,30.2,Sunny
2024,2024-10-16,29.9,16.5,39.7,Sunny
2024,2024-10-17,17.6,7.3,3.5,Snowy
2024,2024-10-18,38.5,6.4,49.6,Rainy
2024,2024-10-19,37.6,14.7,36.6,Windy
2024,2024-10-20,25.0,20.5,27.3,Windy
2024,2024-10-21,38.2,14.2,1.3,Windy
2024,2024-10-22,16.8,23.9,12.9,Foggy
2024,2024-10-23,22.5,20.6,18.3,Windy
2024,2024-10-24,39.1,22.9,44.5,Windy
2024,2024-10-25,17.6,21.2,22.8,Windy
2024,2024-10-26,11.2,8.4,22.1,Foggy
2024,2024-10-27,12.5,9.6,44.8,Foggy
2024,2024-10-28,30.4,17.5,25.7,Foggy
2024,2024-10-29,22.9,12.5,42.6,Stormy
2024,2024-10-30,11.2,4.2,28.1,Snowy
2024,2024-10-31,13.9,3.7,47.7,Snowy
2024,2024-11-01,34.0,6.9,35.0,Cloudy
2024,2024-11-02,15.3,19.1,19.6,Sunny
2024,2024-11-03,23.2,3.0,4.7,Snowy
2024,2024-11-04,35.0,16.8,11.8,Sunny
2024,2024-11-05,18.5,13.1,22.1,Windy
2024,2024-11-06,34.0,8.6,40.7,Stormy
2024,2024-11-07,35.3,3.7,30.8,Rainy
2024,2024-11-08,14.8,23.7,32.9,Snowy
2024,2024-11-09,23.8,17.3,11.1,Rainy
2024,2024-11-10,17.4,12.0,46.4,Snowy
2024,2024-11-11,25.1,21.3,25.1,Cloudy
2024,2024-11-12,39.1,24.6,38.4,Windy
2024,2024-11-13,24.1,8.8,4.1,Sunny
2024,2024-11-14,24.7,15.5,18.1,Sunny
2024,2024-11-15,14.6,8.8,48.9,Windy
2024,2024-11-16,11.3,6.3,43.1,Stormy
2024,2024-11-17,14.1,24.2,11.5,Foggy
2024,2024-11-18,26.7,15.8,3.4,Sunny
2024,2024-11-19,14.0,1.1,10.5,Snowy
2024,2024-11-20,14.1,24.9,40.1,Cloudy
2024,2024-11-21,35.8,14.5,13.8,Snowy
2024,2024-11-22,28.5,2.8,49.2,Windy
2024,2024-11-23,39.2,15.1,25.4,Windy
2024,2024-11-24,17.0,13.0,43.0,Cloudy
2024,2024-11-25,17.0,2.3,46.9,Cloudy
2024,2024-11-26,30.7,16.2,48.3,Stormy
2024,2024-11-27,20.3,21.7,26.5,Stormy
2024,2024-11-28,11.9,21.3,20.7,Windy
2024,2024-11-29,27.9,15.0,40.6,Foggy
2024,2024-11-30,17.8,20.8,31.4,Rainy
2024,2024-12-01,14.4,9.6,17.1,Stormy
2024,2024-12-02,19.2,23.8,31.5,Stormy
2024,2024-12-03,27.8,12.7,32.5,Cloudy
2024,2024-12-04,35.2,5.3,27.8,Stormy
2024,2024-12-05,35.4,24.3,33.3,Sunny
2024,2024-12-06,34.9,2.5,4.9,Stormy
2024,2024-12-07,21.5,18.2,28.6,Snowy
2024,2024-12-08,35.2,1.5,15.7,Cloudy
2024,2024-12-09,15.8,12.0,28.5,Windy
2024,2024-12-10,13.2,10.5,42.5,Snowy
2024,2024-12-11,30.0,1.8,43.3,Snowy
2024,2024-12-12,32.5,21.3,25.6,Rainy
2024,2024-12-13,38.0,24.2,31.0,Foggy
2024,2024-12-14,32.6,11.8,28.6,Sunny
2024,2024-12-15,37.0,21.7,31.1,Rainy
2024,2024-12-16,33.6,24.0,7.6,Cloudy
2024,2024-12-17,36.6,9.6,0.6,Stormy
2024,2024-12-18,15.2,4.1,23.8,Windy
2024,2024-12-19,17.1,23.2,19.5,Snowy
2024,2024-12-20,37.8,4.0,46.4,Foggy
2024,2024-12-21,10.8,12.0,24.6,Foggy
2024,2024-12-22,39.3,4.9,37.4,Snowy
2024,2024-12-23,31.5,1.5,40.2,Rainy
2024,2024-12-24,10.9,17.0,24.2,Windy
2024,2024-12-25,27.4,24.8,38.1,Sunny
2024,2024-12-26,14.4,11.8,34.0,Sunny
2024,2024-12-27,37.7,15.9,0.6,Cloudy
2024,2024-12-28,15.8,7.9,10.2,Windy
2024,2024-12-29,35.8,5.2,11.8,Sunny
2024,2024-12-30,27.9,4.4,38.3,Sunny
2024,2024-12-31,38.7,10.9,29.3,Windy
2025,2025-01-01,26.6,19.2,47.7,Windy
2025,2025-01-02,31.4,16.4,38.5,Stormy
2025,2025-01-03,26.3,18.4,9.2,Sunny
2025,2025-01-04,13.2,2.5,17.5,Snowy
2025,2025-01-05,17.6,6.8,34.6,Windy
2025,2025-01-06,17.4,21.0,3.1,Cloudy
2025,2025-01-07,31.7,13.0,15.1,Rainy
2025,2025-01-08,30.8,15.1,43.3,Sunny
2025,2025-01-09,36.9,14.3,31.0,Sunny
2025,2025-01-10,10.7,4.7,47.0,Windy
2025,2025-01-11,35.5,11.3,12.1,Snowy
2025,2025-01-12,30.5,11.1,38.7,Rainy
2025,2025-01-13,11.5,2.7,7.3,Sunny
2025,2025-01-14,18.5,23.1,3.1,Stormy
2025,2025-01-15,18.2,12.9,0.1,Sunny
2025,2025-01-16,36.3,20.3,16.4,Snowy
2025,2025-01-17,37.1,7.3,21.0,Foggy
2025,2025-01-18,19.0,4.2,5.0,Snowy
2025,2025-01-19,38.2,12.1,30.4,Windy
2025,2025-01-20,29.0,23.3,23.7,Stormy
2025,2025-01-21,26.4,12.7,11.0,Windy
2025,2025-01-22,29.6,2.4,29.8,Foggy
2025,2025-01-23,12.9,9.7,33.3,Stormy
2025,2025-01-24,32.2,13.3,16.5,Foggy
2025,2025-01-25,33.4,1.3,1.4,Sunny
2025,2025-01-26,38.5,5.4,17.1,Stormy
2025,2025-01-27,19.3,23.7,19.4,Windy
2025,2025-01-28,33.5,21.3,45.7,Stormy
2025,2025-01-29,21.2,14.1,38.1,Stormy
2025,2025-01-30,38.6,11.4,25.2,Stormy
2025,2025-01-31,30.8,24.5,34.9,Stormy
2025,2025-02-01,25.1,22.9,34.8,Foggy
2025,2025-02-02,24.5,10.0,13.1,Cloudy
2025,2025-02-03,27.9,1.4,44.1,Windy
2025,2025-02-04,10.9,5.1,3.7,Sunny
2025,2025-02-05,39.5,14.4,26.7,Rainy
2025,2025-02-06,14.4,24.1,32.6,Windy
2025,2025-02-07,12.2,20.3,43.9,Snowy
2025,2025-02-08,25.5,3.7,5.8,Cloudy
2025,2025-02-09,38.1,19.9,9.5,Stormy
2025,2025-02-10,39.4,16.1,12.3,Snowy
2025,2025-02-11,31.9,24.3,0.4,Foggy
2025,2025-02-12,38.2,19.2,32.7,Cloudy
2025,2025-02-13,14.8,1.1,36.8,Windy
2025,2025-02-14,22.2,23.9,46.9,Sunny
2025,2025-02-15,27.2,7.9,7.6,Cloudy
2025,2025-02-16,37.2,21.5,3.8,Cloudy
2025,2025-02-17,23.2,12.9,12.9,Stormy
2025,2025-02-18,30.2,22.4,19.8,Cloudy
2025,2025-02-19,34.1,11.6,10.7,Rainy
2025,2025-02-20,27.5,7.5,16.8,Cloudy
2025,2025-02-21,20.0,6.6,39.7,Windy
2025,2025-02-22,35.9,16.7,34.2,Sunny
2025,2025-02-23,24.9,14.7,28.3,Stormy
2025,2025-02-24,34.9,19.9,5.8,Rainy
2025,2025-02-25,28.2,24.1,19.9,Windy
2025,2025-02-26,30.1,1.5,30.9,Foggy
2025,2025-02-27,18.5,9.5,3.3,Cloudy
2025,2025-02-28,25.1,18.7,28.8,Stormy
2025,2025-03-01,10.1,18.2,34.6,Windy
2025,2025-03-02,21.9,3.3,36.6,Stormy
2025,2025-03-03,13.3,13.6,11.2,Snowy
2025,2025-03-04,10.3,14.7,7.7,Windy
2025,2025-03-05,18.1,24.0,9.6,Windy
2025,2025-03-06,24.8,14.5,33.2,Snowy
2025,2025-03-07,33.4,11.3,21.2,Rainy
2025,2025-03-08,32.8,8.9,48.6,Rainy
2025,2025-03-09,35.0,17.0,47.0,Sunny
2025,2025-03-10,10.3,8.5,41.5,Stormy
2025,2025-03-11,35.1,15.2,49.8,Windy
2025,2025-03-12,20.5,14.3,40.8,Snowy
2025,2025-03-13,20.9,16.2,25.0,Sunny
2025,2025-03-14,21.2,20.4,9.4,Snowy
2025,2025-03-15,11.3,10.2,12.6,Rainy
2025,2025-03-16,38.1,11.8,40.7,Sunny
2025,2025-03-17,24.4,18.6,18.8,Rainy
2025,2025-03-18,11.8,12.1,24.4,Windy
2025,2025-03-19,23.7,21.7,22.7,Windy
2025,2025-03-20,11.7,8.2,39.7,Windy
2025,2025-03-21,29.8,22.3,20.6,Cloudy
2025,2025-03-22,18.1,2.0,32.6,Stormy
2025,2025-03-23,12.2,21.3,40.9,Sunny
2025,2025-03-24,11.2,24.6,15.9,Foggy
2025,2025-03-25,28.4,18.8,48.1,Sunny
2025,2025-03-26,36.6,6.6,18.7,Foggy
2025,2025-03-27,30.9,15.3,45.7,Sunny
2025,2025-03-28,36.8,23.8,39.4,Rainy
2025,2025-03-29,37.0,19.8,5.6,Snowy
2025,2025-03-30,12.9,8.7,19.3,Sunny
2025,2025-03-31,29.6,21.5,2.8,Snowy
2025,2025-04-01,26.0,19.5,44.7,Sunny
2025,2025-04-02,31.5,9.3,28.3,Foggy
2025,2025-04-03,15.0,17.3,5.2,Snowy
2025,2025-04-04,38.7,7.0,12.2,Stormy
2025,2025-04-05,34.0,12.1,26.0,Rainy
2025,2025-04-06,26.0,20.4,38.4,Rainy
2025,2025-04-07,25.3,19.8,7.4,Rainy
2025,2025-04-08,18.5,23.3,3.7,Stormy
2025,2025-04-09,38.0,18.4,43.2,Sunny
2025,2025-04-10,23.9,16.8,41.9,Snowy
2025,2025-04-11,17.6,18.6,7.4,Cloudy
2025,2025-04-12,31.1,7.7,27.9,Snowy
2025,2025-04-13,14.4,19.6,13.0,Stormy
2025,2025-04-14,26.1,23.7,15.5,Sunny
2025,2025-04-15,10.6,3.4,39.9,Cloudy
2025,2025-04-16,15.2,18.8,4.1,Rainy
2025,2025-04-17,24.6,3.2,36.9,Rainy
2025,2025-04-18,27.8,15.0,38.8,Cloudy
2025,2025-04-19,10.2,1.8,49.9,Snowy
2025,2025-04-20,16.4,12.0,5.5,Sunny
2025,2025-04-21,37.5,11.4,36.8,Rainy
2025,2025-04-22,15.1,1.1,40.5,Snowy
2025,2025-04-23,31.6,6.2,39.8,Stormy
2025,2025-04-24,20.9,18.6,20.5,Rainy
2025,2025-04-25,18.6,20.4,29.8,Windy
2025,2025-04-26,14.7,7.0,21.7,Stormy
2025,2025-04-27,25.9,13.6,20.8,Snowy
2025,2025-04-28,24.8,19.8,4.7,Stormy
2025,2025-04-29,11.7,20.1,32.3,Cloudy
2025,2025-04-30,36.8,18.3,37.4,Sunny
2025,2025-05-01,10.7,5.4,38.2,Rainy
2025,2025-05-02,13.7,17.5,2.3,Snowy
2025,2025-05-03,20.1,19.0,9.3,Stormy
2025,2025-05-04,19.4,5.4,33.8,Foggy
2025,2025-05-05,22.7,10.7,48.2,Snowy
2025,2025-05-06,39.7,23.9,32.8,Sunny
2025,2025-05-07,10.0,5.3,16.3,Stormy
2025,2025-05-08,24.6,2.4,3.5,Stormy
2025,2025-05-09,24.9,24.8,5.3,Cloudy
2025,2025-05-10,14.5,9.3,25.7,Sunny
2025,2025-05-11,18.6,21.1,21.6,Foggy
2025,2025-05-12,26.4,15.9,36.5,Cloudy
2025,2025-05-13,19.7,16.7,44.5,Stormy
2025,2025-05-14,22.2,22.0,34.4,Windy
2025,2025-05-15,14.9,23.0,22.2,Snowy
2025,2025-05-16,11.8,15.9,9.6,Sunny
2025,2025-05-17,12.6,9.1,4.5,Rainy
2025,2025-05-18,38.0,10.8,38.6,Snowy
2025,2025-05-19,11.3,23.0,49.3,Foggy
2025,2025-05-20,26.5,11.9,49.6,Cloudy
2025,2025-05-21,24.5,19.8,29.4,Rainy
2025,2025-05-22,26.0,10.9,38.0,Rainy
2025,2025-05-23,24.7,9.0,36.1,Rainy
2025,2025-05-24,14.5,15.1,4.4,Cloudy
2025,2025-05-25,19.2,5.9,10.6,Snowy
2025,2025-05-26,15.4,16.4,5.8,Stormy
2025,2025-05-27,26.0,5.2,33.7,Foggy
2025,2025-05-28,32.2,13.7,46.4,Windy
2025,2025-05-29,27.9,13.7,32.7,Sunny
2025,2025-05-30,24.4,1.1,48.7,Snowy
2025,2025-05-31,23.8,1.8,35.0,Windy
2025,2025-06-01,37.5,14.8,0.8,Cloudy
2025,2025-06-02,39.0,6.3,10.2,Sunny
2025,2025-06-03,12.6,2.2,32.9,Foggy
2025,2025-06-04,18.1,23.3,23.8,Snowy
2025,2025-06-05,17.0,15.7,28.9,Cloudy
2025,2025-06-06,31.8,6.8,40.3,Cloudy
2025,2025-06-07,13.9,21.6,41.2,Snowy
2025,2025-06-08,28.2,6.4,16.1,Windy
2025,2025-06-09,36.4,17.3,5.4,Stormy
2025,2025-06-10,25.1,16.9,20.6,Snowy
2025,2025-06-11,32.8,17.9,11.1,Snowy
2025,2025-06-12,26.4,11.6,6.8,Foggy
2025,2025-06-13,32.0,3.7,30.1,Cloudy
2025,2025-06-14,27.3,5.6,30.3,Rainy
2025,2025-06-15,14.9,2.8,6.3,Sunny
2025,2025-06-16,17.3,14.5,24.6,Sunny
2025,2025-06-17,14.3,17.9,30.5,Sunny
2025,2025-06-18,30.6,11.5,12.8,Cloudy
2025,2025-06-19,27.9,13.9,18.3,Snowy
2025,2025-06-20,25.6,5.1,20.0,Snowy
2025,2025-06-21,29.8,4.1,37.9,Foggy
2025,2025-06-22,17.9,24.9,1.7,Cloudy
2025,2025-06-23,36.9,13.8,22.0,Windy
2025,2025-06-24,22.6,6.0,10.5,Windy
2025,2025-06-25,19.7,18.4,1.2,Sunny
2025,2025-06-26,18.1,13.9,21.6,Windy
2025,2025-06-27,35.8,14.9,31.5,Cloudy
2025,2025-06-28,11.6,20.9,41.0,Sunny
2025,2025-06-29,24.4,7.4,26.8,Windy
2025,2025-06-30,30.5,15.6,35.3,Foggy
2025,2025-07-01,31.9,22.1,33.6,Stormy
2025,2025-07-02,15.3,3.7,5.5,Cloudy
2025,2025-07-03,19.1,10.9,35.0,Cloudy
2025,2025-07-04,25.4,23.3,45.8,Cloudy
2025,2025-07-05,18.2,16.8,8.3,Sunny
2025,2025-07-06,17.6,19.7,1.0,Windy
2025,2025-07-07,35.7,18.0,37.4,Stormy
2025,2025-07-08,19.4,12.2,16.3,Sunny
2025,2025-07-09,20.6,21.9,14.1,Cloudy
2025,2025-07-10,29.8,12.6,46.1,Rainy
2025,2025-07-11,24.6,2.0,45.5,Cloudy
2025,2025-07-12,21.9,19.2,41.4,Windy
2025,2025-07-13,19.4,20.3,31.1,Sunny
2025,2025-07-14,22.4,2.2,18.3,Rainy
2025,2025-07-15,37.4,19.0,0.6,Rainy
2025,2025-07-16,12.3,4.7,45.7,Windy
2025,2025-07-17,34.0,4.2,18.5,Snowy
2025,2025-07-18,38.6,8.0,4.0,Rainy
2025,2025-07-19,30.1,2.7,40.1,Rainy
2025,2025-07-20,38.1,6.6,46.7,Snowy
2025,2025-07-21,16.5,23.1,35.5,Snowy
2025,2025-07-22,13.2,22.7,30.7,Snowy
2025,2025-07-23,32.9,3.6,27.2,Cloudy
2025,2025-07-24,29.7,21.4,38.4,Windy
2025,2025-07-25,32.5,15.1,15.6,Stormy
2025,2025-07-26,25.8,6.9,13.6,Cloudy
2025,2025-07-27,12.4,22.1,4.0,Sunny
2025,2025-07-28,19.4,23.5,34.8,Snowy
2025,2025-07-29,34.1,12.2,8.1,Snowy
2025,2025-07-30,27.4,16.5,38.7,Rainy
2025,2025-07-31,18.4,6.1,6.1,Stormy
2025,2025-08-01,12.7,11.5,34.4,Foggy
2025,2025-08-02,20.0,15.9,37.9,Snowy
2025,2025-08-03,39.3,10.3,0.2,Snowy
2025,2025-08-04,24.8,11.6,27.4,Foggy
2025,2025-08-05,28.9,7.8,2.9,Sunny
2025,2025-08-06,12.3,18.8,8.7,Rainy
2025,2025-08-07,32.3,8.6,16.7,Cloudy
2025,2025-08-08,22.7,12.1,28.8,Foggy
2025,2025-08-09,16.2,24.1,15.7,Rainy
2025,2025-08-10,13.7,11.3,22.1,Stormy
2025,2025-08-11,12.1,24.7,18.1,Sunny
2025,2025-08-12,33.1,4.1,12.7,Cloudy
2025,2025-08-13,32.1,9.8,48.1,Stormy
2025,2025-08-14,31.5,5.1,29.6,Rainy
2025,2025-08-15,39.4,21.7,39.4,Cloudy
2025,2025-08-16,26.0,9.0,23.0,Sunny
2025,2025-08-17,22.3,13.8,19.0,Rainy
2025,2025-08-18,13.2,8.5,21.8,Cloudy
2025,2025-08-19,12.3,7.1,33.5,Stormy
2025,2025-08-20,35.7,5.5,41.8,Windy
2025,2025-08-21,23.8,12.9,27.8,Stormy
2025,2025-08-22,16.3,16.4,15.3,Snowy
2025,2025-08-23,24.8,10.1,30.6,Cloudy
2025,2025-08-24,13.3,16.1,49.6,Windy
2025,2025-08-25,32.2,22.6,25.7,Windy
2025,2025-08-26,15.2,16.4,30.5,Cloudy
2025,2025-08-27,34.1,6.7,42.7,Snowy
2025,2025-08-28,27.6,13.6,34.6,Sunny
2025,2025-08-29,39.9,12.3,9.6,Cloudy
2025,2025-08-30,32.1,7.4,9.4,Cloudy
2025,2025-08-31,22.8,13.4,19.7,Cloudy
2025,2025-09-01,11.3,5.7,12.3,Windy
2025,2025-09-02,19.8,19.5,24.5,Windy
2025,2025-09-03,11.4,8.5,35.5,Windy
2025,2025-09-04,22.6,12.3,30.3,Foggy
2025,2025-09-05,19.9,4.7,10.0,Cloudy
2025,2025-09-06,29.0,20.1,44.7,Windy
2025,2025-09-07,16.8,15.1,44.9,Rainy
2025,2025-09-08,13.9,8.0,22.3,Cloudy
2025,2025-09-09,10.7,9.5,37.8,Foggy
2025,2025-09-10,21.9,23.0,19.1,Rainy
2025,2025-09-11,35.7,23.5,4.9,Snowy
2025,2025-09-12,23.6,23.2,4.7,Rainy
2025,2025-09-13,27.9,2.9,40.2,Sunny
2025,2025-09-14,18.5,20.9,5.3,Windy
2025,2025-09-15,28.1,1.7,36.1,Rainy
2025,2025-09-16,10.2,20.0,0.3,Stormy
2025,2025-09-17,13.5,10.7,4.5,Rainy
2025,2025-09-18,31.2,23.8,28.7,Rainy
2025,2025-09-19,34.3,7.1,9.8,Rainy
2025,2025-09-20,35.5,18.0,10.3,Foggy
2025,2025-09-21,18.8,9.1,2.7,Stormy
2025,2025-09-22,13.8,4.7,17.0,Stormy
2025,2025-09-23,33.7,8.6,4.3,Stormy
2025,2025-09-24,18.8,4.5,0.6,Stormy
2025,2025-09-25,32.4,1.9,10.9,Snowy
2025,2025-09-26,31.1,18.2,38.7,Cloudy
2025,2025-09-27,23.8,23.2,2.5,Foggy
2025,2025-09-28,24.2,16.8,1.3,Snowy
2025,2025-09-29,19.7,12.4,30.5,Rainy
2025,2025-09-30,20.2,3.7,7.1,Sunny
2025,2025-10-01,17.8,24.3,36.0,Foggy
2025,2025-10-02,17.8,4.7,24.0,Sunny
2025,2025-10-03,21.4,7.0,29.0,Rainy
2025,2025-10-04,13.8,19.1,2.0,Rainy
2025,2025-10-05,15.6,17.4,1.0,Sunny
2025,2025-10-06,22.2,21.3,27.2,Rainy
2025,2025-10-07,35.7,15.5,26.2,Windy
2025,2025-10-08,36.4,22.0,47.9,Foggy
2025,2025-10-09,35.9,3.6,43.5,Cloudy
2025,2025-10-10,12.1,20.7,2.9,Sunny
2025,2025-10-11,21.6,12.8,25.4,Stormy
2025,2025-10-12,14.7,5.8,48.5,Cloudy
2025,2025-10-13,10.6,21.6,5.6,Stormy
2025,2025-10-14,13.4,5.8,33.1,Windy
2025,2025-10-15,31.5,1.0,7.6,Cloudy
2025,2025-10-16,18.1,9.0,31.7,Stormy
2025,2025-10-17,31.4,16.5,43.7,Stormy
2025,2025-10-18,37.1,4.7,16.8,Foggy
2025,2025-10-19,24.9,17.5,21.9,Cloudy
2025,2025-10-20,22.0,5.8,49.6,Foggy
2025,2025-10-21,26.4,7.3,36.2,Windy
2025,2025-10-22,29.7,10.8,7.2,Stormy
2025,2025-10-23,30.7,18.4,5.5,Cloudy
2025,2025-10-24,12.6,24.0,21.7,Foggy
2025,2025-10-25,11.3,4.9,35.2,Cloudy
2025,2025-10-26,25.1,7.5,11.4,Sunny
2025,2025-10-27,19.4,17.1,3.3,Stormy
2025,2025-10-28,26.2,4.2,6.8,Snowy
2025,2025-10-29,30.6,23.9,12.5,Snowy
2025,2025-10-30,10.5,19.2,39.1,Windy
2025,2025-10-31,35.0,13.2,42.7,Cloudy
2025,2025-11-01,34.9,12.5,0.4,Cloudy
2025,2025-11-02,24.7,9.1,28.4,Foggy
2025,2025-11-03,25.1,3.4,34.7,Foggy
2025,2025-11-04,33.1,21.3,24.3,Stormy
2025,2025-11-05,25.1,21.8,44.7,Snowy
2025,2025-11-06,14.1,11.4,31.3,Stormy
2025,2025-11-07,34.0,21.0,25.5,Windy
2025,2025-11-08,26.7,15.9,45.0,Sunny
2025,2025-11-09,37.4,10.3,32.3,Cloudy
2025,2025-11-10,31.2,5.5,9.9,Rainy
2025,2025-11-11,19.8,3.8,19.5,Stormy
2025,2025-11-12,19.8,24.1,31.4,Sunny
2025,2025-11-13,23.2,2.1,14.2,Stormy
2025,2025-11-14,12.5,21.4,42.4,Rainy
2025,2025-11-15,22.3,17.2,25.4,Foggy
2025,2025-11-16,30.3,14.8,50.0,Cloudy
2025,2025-11-17,10.7,11.6,37.4,Sunny
2025,2025-11-18,17.9,19.6,22.7,Sunny
2025,2025-11-19,36.5,8.7,29.7,Foggy
2025,2025-11-20,24.4,19.0,42.4,Sunny
2025,2025-11-21,25.9,4.9,22.2,Cloudy
2025,2025-11-22,25.5,6.0,28.5,Windy
2025,2025-11-23,19.5,12.1,5.6,Rainy
2025,2025-11-24,19.6,20.2,43.0,Windy
2025,2025-11-25,35.0,10.2,34.6,Cloudy
2025,2025-11-26,26.7,19.3,45.5,Rainy
2025,2025-11-27,17.8,1.6,40.8,Windy
2025,2025-11-28,28.8,13.7,16.3,Foggy
2025,2025-11-29,10.8,23.2,32.3,Rainy
2025,2025-11-30,25.7,6.7,29.8,Sunny
2025,2025-12-01,39.2,12.4,19.2,Sunny
2025,2025-12-02,23.9,12.2,41.9,Rainy
2025,2025-12-03,31.2,2.0,26.8,Windy
2025,2025-12-04,25.5,5.2,2.2,Snowy
2025,2025-12-05,33.5,5.0,17.1,Cloudy
2025,2025-12-06,27.1,22.7,42.2,Sunny
2025,2025-12-07,28.4,18.7,17.8,Sunny
2025,2025-12-08,31.8,2.8,25.8,Cloudy
2025,2025-12-09,33.5,14.7,11.2,Rainy
2025,2025-12-10,14.3,16.0,9.2,Cloudy
2025,2025-12-11,39.9,13.3,31.0,Snowy
2025,2025-12-12,19.5,11.7,10.0,Snowy
2025,2025-12-13,21.2,22.7,19.4,Foggy
2025,2025-12-14,12.6,22.7,35.5,Cloudy
2025,2025-12-15,18.8,15.3,28.4,Cloudy
2025,2025-12-16,28.5,7.9,38.3,Cloudy
2025,2025-12-17,39.4,13.6,5.6,Snowy
2025,2025-12-18,24.0,4.3,1.4,Stormy
2025,2025-12-19,21.4,17.0,49.3,Stormy
2025,2025-12-20,38.4,3.5,41.2,Windy
2025,2025-12-21,11.8,9.1,24.4,Stormy
2025,2025-12-22,18.6,18.6,25.7,Foggy
2025,2025-12-23,36.3,7.8,37.8,Stormy
2025,2025-12-24,21.5,16.7,15.3,Stormy
2025,2025-12-25,15.9,8.6,6.9,Cloudy
2025,2025-12-26,28.9,24.7,1.9,Rainy
2025,2025-12-27,19.8,11.3,33.4,Windy
2025,2025-12-28,11.4,17.3,40.0,Foggy
2025,2025-12-29,17.0,1.4,11.5,Sunny
2025,2025-12-30,35.3,1.6,26.1,Rainy
2025,2025-12-31,32.9,24.1,20.3,Sunny
2026,2026-01-01,32.3,2.5,33.8,Sunny
2026,2026-01-02,37.1,23.7,27.9,Snowy
2026,2026-01-03,38.5,17.3,24.6,Stormy
2026,2026-01-04,30.1,19.6,39.1,Foggy
2026,2026-01-05,22.0,11.6,15.8,Cloudy
2026,2026-01-06,26.3,20.2,9.4,Stormy
2026,2026-01-07,39.7,14.6,13.1,Windy
2026,2026-01-08,37.2,21.3,41.7,Sunny
2026,2026-01-09,20.8,1.8,31.5,Foggy
2026,2026-01-10,17.9,11.9,38.4,Sunny
2026,2026-01-11,16.1,18.9,44.8,Snowy
2026,2026-01-12,17.0,13.6,6.6,Snowy
2026,2026-01-13,27.2,4.6,29.4,Windy
2026,2026-01-14,36.3,21.4,2.9,Rainy
2026,2026-01-15,32.9,14.0,43.0,Snowy
2026,2026-01-16,39.5,11.0,46.0,Foggy
2026,2026-01-17,18.8,11.9,49.1,Windy
2026,2026-01-18,24.5,20.5,3.6,Sunny
2026,2026-01-19,15.4,3.5,44.3,Rainy
2026,2026-01-20,39.7,12.0,18.1,Stormy
2026,2026-01-21,25.6,8.7,14.4,Foggy
2026,2026-01-22,39.4,1.3,20.5,Stormy
2026,2026-01-23,26.9,9.7,19.7,Rainy
2026,2026-01-24,33.8,10.4,11.7,Cloudy
2026,2026-01-25,34.8,11.1,23.1,Sunny
2026,2026-01-26,27.2,19.8,10.5,Sunny
2026,2026-01-27,28.4,3.3,20.0,Sunny
2026,2026-01-28,30.9,12.6,25.0,Foggy
2026,2026-01-29,32.0,19.9,22.4,Snowy
